index,title,singers,genre,from
1,Unholy,"Sam Smith,Kim Petras",Pop,international
2,Face It Alone,Queen,Rock,international
3,I'm Good (Blue),"David Guetta,Bebe Rexha",Dance,international
4,Thank God,"Kane Brown,Katelyn Brown",Country,international
5,wait in the truck,"HARDY,Lainey Wilson",Country,international
6,Son Of A Sinner,Jelly Roll,Rock,international
7,A Thousand Years,Christina Perri,Soundtrack,international
8,Everywhere,Fleetwood Mac,Rock,international
9,You Proof,Morgan Wallen,Country,international
10,Left and Right,"Charlie Puth,Jung Kook",Pop,international
11,Unstoppable,Sia,Pop,international
12,I Ain't Worried,OneRepublic,Pop,international
13,Wasted On You,Morgan Wallen,Country,international
14,CUFF IT,Beyoncé,Pop,international
15,Fall In Love,Bailey Zimmerman,Country,international
16,Shivers,Ed Sheeran,Pop,international
17,She Had Me At Heads Carolina,Cole Swindell,Country,international
18,The Kind of Love We Make,Luke Combs,Country,international
19,Under the Influence,Chris Brown,"R&B,Soul",international
20,Lose Yourself,Eminem,Soundtrack,international
21,Shallow,"Lady Gaga,Bradley Cooper",Soundtrack,international
22,Life Is a Highway,Rascal Flatts,Soundtrack,international
23,As It Was,Harry Styles,Pop,international
24,Super Freaky Girl,Nicki Minaj,"Hip-Hop,Rap",international
25,Sunroof,"Nicky Youre,Dazy",Pop,international
26,About Damn Time,Lizzo,Pop,international
27,Victoria’s Secret,Jax,Pop,international
28,Something in the Orange (Z&E's Version),Zach Bryan,Country,international
29,Celestial,Ed Sheeran,Pop,international
30,Love Me Like You Do,Ellie Goulding,Soundtrack,international
31,What My World Spins Around,Jordan Davis,Country,international
32,I Like You (A Happier Song) [feat. Doja Cat],Post Malone,"Hip-Hop,Rap",international
33,Hold Me Closer,"Elton John,Britney Spears",Pop,international
34,Soul,Lee Brice,Country,international
35,I'm So Blessed (Best Day Remix),CAIN,Christian & Gospel,international
36,Next Thing You Know,Jordan Davis,Country,international
37,Vegas (From the Original Motion Picture Soundtrack ELVIS),Doja Cat,Pop,international
38,Rock and a Hard Place,Bailey Zimmerman,Country,international
39,Numb,"Marshmello,Khalid","R&B,Soul",international
40,2 Be Loved (Am I Ready),Lizzo,Pop,international
41,Make It With You,Bread,Soft Rock,international
42,Earned It,The Weeknd,Soundtrack,international
43,You'll Be In My Heart,Phil Collins,Soundtrack,international
44,KICK BACK,Kenshi Yonezu,J-Pop,international
45,It Will Rain,Bruno Mars,Soundtrack,international
46,How Do I Say Goodbye,Dean Lewis,"Singer,Songwriter",international
47,Something in the Orange,Zach Bryan,Country,international
48,the mockingbird & THE CROW,HARDY,Rock,international
49,Bad Habit,Steve Lacy,"R&B,Soul",international
50,Always Remember Us This Way,Lady Gaga,Soundtrack,international
51,STAR WALKIN' (League of Legends Worlds Anthem),Lil Nas X,Pop,international
52,Fingers Crossed,Lauren Spencer Smith,Pop,international
53,Tennessee Orange,Megan Moroney,Country,international
54,Never Leave,Bailey Zimmerman,Country,international
55,This Is Halloween,The Citizens of Halloween,Soundtrack,international
56,TRUCK BED,HARDY,Rock,international
57,Bones,Imagine Dragons,Alternative,international
58,Poland,Lil Yachty,"Hip-Hop,Rap",international
59,Running Up That Hill (A Deal with God),Kate Bush,Pop,international
60,Forget Me,Lewis Capaldi,Alternative,international
61,Way of the Triune God (Hallelujah Version),Tyler Childers,Country,international
62,Don’t Come Lookin’,Jackson Dean,Country,international
63,Forever,"Drake, Kanye West, Lil Wayne,Eminem",Soundtrack,international
64,Late Night Talking,Harry Styles,Pop,international
65,Tennessee Whiskey,Chris Stapleton,Country,international
66,Build a Boat,Colton Dixon,Christian & Gospel,international
67,Somewhere Over the Rainbow,Israel Kamakawiwo'ole,World,international
68,Gangsta's Paradise (feat. L.V.),Coolio,"Hip-Hop,Rap",international
69,Half Of Me (feat. Riley Green),Thomas Rhett,Country,international
70,Joy of My Life,Chris Stapleton,Country,international
71,Eagle (feat. KB),Transformation Worship,"Hip-Hop,Rap",international
73,No Body,Blake Shelton,Country,international
74,Monster Mash,"Bobby ""Boris"" Pickett,The Crypt-Kickers",Halloween,international
75,here lies country music,HARDY,Country,international
77,5 Foot 9,Tyler Hubbard,Country,international
78,Cold Heart (PNAU Remix),"Elton John,Dua Lipa",Pop,international
79,She Likes It (feat. Jake Scott),"Russell Dickerson,Jake Scott",Country,international
80,All the Small Things,blink-182,Rock,international
81,No Se Va (En Vivo),Grupo Frontera,Regional Mexicano,international
82,'Til You Can't,Cody Johnson,Country,international
83,Tití Me Preguntó,Bad Bunny,Latin,international
84,BILLIE EILISH.,Armani White,"Hip-Hop,Rap",international
85,Tomorrow 2,"GloRilla,Cardi B","Hip-Hop,Rap",international
86,Bust Your Windows,Jazmine Sullivan,"R&B,Soul",international
87,Neon You,Don Louis,Country,international
88,World's Smallest Violin,AJR,Alternative,international
89,Wishful Drinking,"Ingrid Andress,Sam Hunt",Country,international
90,Country On,Luke Bryan,Country,international
91,"Boulevard of Broken Dreams (feat. John Gallagher Jr., Rebecca Naomi Jones, Stark Sands & Company)",Green Day,Soundtrack,international
92,Perfectly Loved (feat. TobyMac),Rachael Lampa,Christian & Gospel,international
93,golden hour,JVKE,Pop,international
94,How Far I'll Go,Auli'i Cravalho,Soundtrack,international
95,Boom Clap,Charli XCX,Soundtrack,international
96,You Should Probably Leave,Chris Stapleton,Country,international
97,Betty (Get Money),Yung Gravy,"Hip-Hop,Rap",international
98,Calm Down,"Rema,Selena Gomez",Pop,international
99,One Way or Another (Hocus Pocus 2 Version),"Bette Midler, Sarah Jessica Parker,Kathy Najimy",Soundtrack,international
100,down home,Jimmie Allen,Country,international
9,EDGING,blink-182,Rock,Australia
11,Sway My Way,"R3HAB,Amy Shark",Dance,Australia
14,Shake a Leg Like Elvis,Dino Jag,Pop,Australia
16,B.O.T.A. (Baddest Of Them All) [Edit],"Eliza Rose,Interplanetary Criminal",Dance,Australia
17,Only Wanna Be With You,Amy Shark,Pop,Australia
18,SNAP,Rosa Linn,Indie Pop,Australia
21,Afraid To Feel,LF SYSTEM,Dance,Australia
23,Hurtless,Dean Lewis,"Singer,Songwriter",Australia
24,Ferrari,"James Hype,Miggy Dela Rosa",Dance,Australia
27,Clarity,Vance Joy,Pop,Australia
28,I Feel Love,Donna Summer,Disco,Australia
29,Chill Like That,"Sunday Scaries,PiCKUPLiNES",Dance,Australia
30,Irrelevant,P!nk,Pop,Australia
35,Always First,Courtney Keil,Country,Australia
37,Celtic Symphony,The Wolfe Tones,Traditional Folk,Australia
38,CHANT,"Macklemore,Tones And I","Hip Hop,Rap",Australia
39,Out of My System,Louis Tomlinson,Pop,Australia
40,Jump Around,House of Pain,"Hip Hop,Rap",Australia
42,Blinding Lights,The Weeknd,"R&B,Soul",Australia
43,Running Up That Hill (A Deal With God),Kate Bush,College Rock,Australia
44,True Colors,Cyndi Lauper,Pop,Australia
45,BREAK MY SOUL,Beyoncé,Pop,Australia
46,I'm Good (Blue) [Extended],"David Guetta,Bebe Rexha",Dance,Australia
47,CASE 143,Stray Kids,K-Pop,Australia
48,Somewhere Over the Rainbow / What a Wonderful World,Israel Kamakawiwo'ole,World,Australia
50,When It Rains It Pours,Luke Combs,Country,Australia
51,Help Is On Its Way,Little River Band,Rock,Australia
52,Green Green Grass,George Ezra,"Singer,Songwriter",Australia
53,Our Song,"Anne-Marie,Niall Horan",Pop,Australia
56,Good Riddance,"Levi Hummon, Filmore,YA'BOYZ",Country,Australia
57,You're the Voice,John Farnham,Pop,Australia
58,Don't Stop Me Now,Queen,Rock,Australia
59,Danger Zone,Kenny Loggins,Soundtrack,Australia
60,Otherside,Red Hot Chili Peppers,Alternative,Australia
64,Dreams,The Cranberries,Pop,Australia
65,The Gambler,Kenny Rogers,Country,Australia
66,We Run This,Missy Elliott,"Hip Hop,Rap",Australia
67,Losing You,Solange,Pop,Australia
68,Forever After All,Luke Combs,Country,Australia
69,Khe Sanh,Cold Chisel,Rock,Australia
70,Over For You (Live in Melbourne),Morgan Evans,Country,Australia
71,I See Red,Everybody Loves an Outlaw,Rock,Australia
72,Chasin' You,Morgan Wallen,Country,Australia
73,"1,2,3 Eoi!",MAMAMOO,K-Pop,Australia
75,ILLELLA,MAMAMOO,K-Pop,Australia
76,Bitter Sweet Symphony,The Verve,Pop,Australia
77,Have You Ever Seen the Rain,Creedence Clearwater Revival,Rock,Australia
78,Heat Waves,Glass Animals,Alternative,Australia
79,STAY,"The Kid LAROI,Justin Bieber",Pop,Australia
80,Fortunate Son,Creedence Clearwater Revival,Rock,Australia
81,Money For Nothing (Remastered 1996),Dire Straits,Pop,Australia
82,Where Are You Now,"Lost Frequencies,Calum Scott",Dance,Australia
83,I Want It That Way,Backstreet Boys,Pop,Australia
84,Hold My Hand,Lady Gaga,Pop,Australia
85,Better Together,Luke Combs,Country,Australia
86,Remember,"Becky Hill,David Guetta",Dance,Australia
87,Your Daughter,Chase McDaniel,Country,Australia
88,Bad Memories (feat. Elley Duhé & FAST BOY),"Meduza,James Carter",Dance,Australia
89,More Than My Hometown,Morgan Wallen,Country,Australia
90,If I Would Have Known,Kyle Hume,Pop,Australia
93,Red Wine or Whiskey,Alli Walker,Country,Australia
94,All of Me,John Legend,"R&B,Soul",Australia
95,Great Southern Land,ICEHOUSE,Rock,Australia
96,Working Class Man,Jimmy Barnes,Rock,Australia
97,Piano Man,Billy Joel,Rock,Australia
99,Don't Stop Believin',Journey,Rock,Australia
100,You Are the Reason,Calum Scott,Pop,Australia
2,DON'T YOU WORRY,"Black Eyed Peas, Shakira,David Guetta",Pop,Austria
3,Kiss Me,Dermot Kennedy,Pop,Austria
7,Dirty Dancing (feat. Asdis),Glockenbach,Dance,Austria
8,Kompliment,Melissa Naschenweng,German Pop,Austria
9,Belly Dancer,"Imanbek,BYOR",Dance,Austria
13,Wildberry Lillet,Nina Chuba,"Hip Hop,Rap",Austria
17,THE LONELIEST,Måneskin,Rock,Austria
19,Maybe You’re The Problem,Ava Max,Pop,Austria
21,Million Dollar Baby,Ava Max,Pop,Austria
22,You're Fucked (Remix),Ylvis,Pop,Austria
24,Sex On Fire,Kings of Leon,Alternative,Austria
25,Großvater,S.T.S.,"Singer,Songwriter",Austria
26,kaleidoskop,"Pizzera,Jaus",Pop,Austria
30,Sun Will Shine,"Robin Schulz,Tom Walker",Dance,Austria
31,Crazy Love,"Toby Romeo,Leony",Dance,Austria
32,Do It Better (feat. Zoe Wees),Felix Jaehn,Dance,Austria
34,Samba,"YouNotUs,Louis III",Dance,Austria
36,Love It,Laurell,Pop,Austria
37,Verliabt,Melissa Naschenweng,German Pop,Austria
38,Best Bad Friend,"Michael Patrick Kelly,Rea Garvey",Pop,Austria
39,Crazy What Love Can Do,"David Guetta, Becky Hill,Ella Henderson",Dance,Austria
41,Hard For Me,Michele Morrone,Pop,Austria
42,Holz,257ers,"Hip Hop,Rap",Austria
43,In Der Natur,Deichkind,Dance,Austria
44,Call It Love,"Felix Jaehn,Ray Dalton",Dance,Austria
46,Codo (...düse im Sauseschritt),Döf,German Pop,Austria
47,Showed Me (How I Fell In Love With You),Madison Beer,Pop,Austria
48,Lara’s Theme (Schiwago Melodie),James Last,Pop,Austria
49,Amoi seg' ma uns wieder,Andreas Gabalier,German Folk,Austria
51,Ala bin,Seiler und Speer,Pop,Austria
52,Cordula Grün,Josh.,Pop,Austria
53,A Sky Full of Stars,Coldplay,Alternative,Austria
54,Another Love,Tom Odell,"Singer,Songwriter",Austria
55,Paradise,Coldplay,Alternative,Austria
56,Another Love (Zwette Edit),Tom Odell,"Singer,Songwriter",Austria
57,bad guy,Billie Eilish,Alternative,Austria
58,Weus'd a Herz hast wia a Bergwerk,Rainhard Fendrich,"Singer,Songwriter",Austria
59,Hurt,Johnny Cash,Country,Austria
60,We Will Rock You,Queen,Rock,Austria
61,Expresso & Tschianti,Josh.,Pop,Austria
62,Bohemian Rhapsody,Queen,Rock,Austria
63,Zefix,Chris Steger,Pop,Austria
64,Wellerman (Sea Shanty / 220 KID x Billen Ted Remix),"Nathan Evans, 220 KID,Billen Ted",Dance,Austria
65,Faded,Alan Walker,Dance,Austria
66,Friday (feat. Mufasa & Hypeman) [Dopamine Re-Edit],"Riton,Nightcrawlers",Dance,Austria
67,When You're Gone,Shawn Mendes,Pop,Austria
69,Von dir ein Tattoo,Josh.,Pop,Austria
70,Sweet Caroline,Neil Diamond,Pop,Austria
71,Solo Para Ti,"Alvaro Soler,Topic",Pop in Spanish,Austria
72,A Kind of Magic,Queen,Rock,Austria
73,SUPERMODEL,Måneskin,Pop,Austria
74,Don't Be Cruel,Elvis Presley,Rock,Austria
75,die sunn und di,"Pizzera,Jaus",Pop,Austria
76,Dicke Titten,Rammstein,Rock,Austria
77,Looking For Love,Lena,Pop,Austria
78,California Love (feat. Roger Troutman & Dr. Dre),2Pac,"Hip Hop,Rap",Austria
79,Canzone,Lucio Dalla,Pop,Austria
81,Schmetterling,SOPHIA,Pop,Austria
82,Mein Kind,Herzchen,Europe,Austria
83,Another Love (TikTok Trend Edit),House Of Paper,Dance,Austria
85,Da geht noch mehr,Nockis,German Pop,Austria
86,3WW,alt-J,Alternative,Austria
87,Superhero,"Unknown Brain,Chris Linton",Dance,Austria
88,Fühlst du das auch,Apache 207,"Hip Hop,Rap",Austria
89,3 Tage am Meer,AnnenMayKantereit,Pop,Austria
91,Easy Lover (Solo Version),Ellie Goulding,Pop,Austria
92,Under The Influence,Chris Brown,Pop,Austria
94,Someone Else,ClockClock,Pop,Austria
95,Party Sahne,"Ski Aggu, Endzone,Ericson","Hip Hop,Rap",Austria
96,Sempre sempre solo noi,Patrizio Buanne,World,Austria
97,Holiday (Radio Edit),Dizzee Rascal,"Hip Hop,Rap",Austria
98,Feel It,Michele Morrone,Pop,Austria
99,Oceans (Where Feet May Fail) [Live from Madison Square Garden],"Hillsong UNITED,TAYA",Christian & Gospel,Austria
100,Kiss Me (Guitar),Dermot Kennedy,Pop,Austria
2,Follow Me (DJ Jordan Extended Remix),"Derb, Mark Sherry,Space Frog",Dance,Belgium
3,Noodgeval,Goldband,Pop,Belgium
7,Warrior,Oscar and the Wolf,Pop,Belgium
9,abcdefu,GAYLE,Pop,Belgium
12,Show Your Love,"Nils van Zandt, AMARI,Mr. Jim",Dance,Belgium
13,Visje In Het Water,K3,Pop,Belgium
16,In De Regen,Camille,Pop,Belgium
17,Uit Mijn Hoofd,Pauline,Pop,Belgium
19,Better Off Alone,Berre,Pop,Belgium
20,Call on me (feat. Ed Sheeran),Vianney,French Pop,Belgium
21,Dance with Me,Kevin de Vries,Electronic,Belgium
22,WE HERE,Laura Tesoro,Pop,Belgium
24,Liquid Is Liquid (Extended Mix),"Alberto Remondini,Sergio Marini",Dance,Belgium
25,Geen Tranen Meer Over,Camille,Pop,Belgium
26,DESPECHÁ,ROSALÍA,Pop in Spanish,Belgium
28,Follow Me (DJ Jordan Remix),"Derb, Mark Sherry,Space Frog",Dance,Belgium
30,B.O.T.A. (Baddest Of Them All),"Eliza Rose,Interplanetary Criminal",Dance,Belgium
31,Kwijt,"Suzan,Freek",Pop,Belgium
32,Vleugels,K3,Pop,Belgium
34,Water (feat. Clara La San),Bicep,Electronic,Belgium
35,Call Me Crazy,"Sagi Abitbul,BEN SHOPEN",Dance,Belgium
36,Dit Is Wat Mijn Mama Zei,Metejoor,Pop,Belgium
37,Love Again,Dua Lipa,Pop,Belgium
40,Visstick Gooi Die Kanker Kick,Natte Visstick,Dance,Belgium
41,Eva,Kendji Girac,French Pop,Belgium
42,In The Stars,Benson Boone,Pop,Belgium
47,Where Did You Go?,"Jax Jones,MNEK",Dance,Belgium
49,Dovy Keukens Hardcore Remix,POMBAK,Hardcore,Belgium
51,Over You,"Sharam Jey, Celestal,Moss Kena",Electronic,Belgium
52,Doja,Central Cee,"Hip Hop,Rap",Belgium
53,Coup de vieux (feat. Julien Doré),"Bigflo,Oli","Hip Hop,Rap",Belgium
54,Adrenaline,"Kris Kross Amsterdam, Ronnie Flex,Zoë Tauran",Pop,Belgium
55,Sharks,Imagine Dragons,Alternative,Belgium
56,World Hold On (feat. Steve Edwards) [FISHER Rework],Bob Sinclar,House,Belgium
57,Encore une fois,Patrick Bruel,French Pop,Belgium
58,Took the Words (House Mix),"Block,Crown,Lissat",House,Belgium
59,The Damn Thing Go Wild,"Block,Crown,Lissat",House,Belgium
60,Roll the Stones,"Block,Crown,Lissat",House,Belgium
64,My Silver Lining,First Aid Kit,Alternative,Belgium
65,Whole Lotta Love,Led Zeppelin,Rock,Belgium
66,Freed from Desire,Gala,Dance,Belgium
67,Pepas,Farruko,Latin Urban,Belgium
68,We Found Love (feat. Calvin Harris),Rihanna,Pop,Belgium
69,Boys Don't Cry,The Cure,Alternative,Belgium
70,The Age of Love (Charlotte de Witte & Enrico Sangiuliano Remix),"Age of Love, Enrico Sangiuliano,Charlotte de Witte",Techno,Belgium
71,Duizend Sterren,"Regi,Pauline",Dance,Belgium
72,Everybody (Backstreet's Back) [Radio Edit],Backstreet Boys,Pop,Belgium
73,Big Log,Robert Plant,Rock,Belgium
74,Kijk Ons Nou,"Metejoor,Snelle",Pop,Belgium
76,Wat Een Idee!?,Pommelien Thijs,Pop,Belgium
78,Deep Down (feat. Never Dull),"Alok, Ella Eyre,Kenny Dope",Dance,Belgium
80,Starry Night,Peggy Gou,House,Belgium
81,Alles,S.van Samang,Pop,Belgium
82,Mag Ik Dan Bij Jou (Single Version),Claudia de Breij,Pop,Belgium
83,All By Myself,"Alok, Sigala,Ellie Goulding",Dance,Belgium
87,Big City Life,"Luude,Mattafix",Dance,Belgium
88,Blind Op Zoek (Trapagas),Jinho 9,"Hip Hop,Rap",Belgium
90,Samson & Ket,Natte Visstick,Dance,Belgium
91,Yeah The Girls (feat. MERYLL),FISHER,Dance,Belgium
92,Miss California,"THIERRY VON DER WARTH,Dante Thomas",Dance,Belgium
94,Ik Wil Je,"Joost,De Kreuners",Adult Contemporary,Belgium
95,Everytime We Touch (Hardwell & Maurice West Remix),Cascada,Dance,Belgium
96,Take Me Back,Arno,French Pop,Belgium
97,Cœur,Clara Luciani,Rock,Belgium
98,À tout jamais,Mylène Farmer,French Pop,Belgium
99,Tout contrôler,Mewhy,Pop,Belgium
100,I Feel Like Shit And I Wanna Die,The Haunted Youth,Alternative,Belgium
1,Uma Vez Piranha 2.0 (Popline Pride) [feat. Kayque],Pepita,Baile Funk,Brasil
4,TE AMO (em caixa alta) [feat. Anitta],Kiaz,"Hip Hop,Rap",Brasil
6,Superfantástico (Super Fantástico),"A Turma do Balão Mágico,Djavan",Brazilian,Brasil
7,Aquarela,Toquinho,Children's Music,Brasil
9,Pipoco,"Ana Castela, Melody,Dj Chris No Beat",Baile Funk,Brasil
11,Evidências,Roberto Carlos,MPB,Brasil
12,Viva la Vida,Coldplay,Alternative,Brasil
13,Sweet Child O' Mine,Guns N' Roses,Hard Rock,Brasil
15,Capitão do Povo,Capitao do Povo,Sertanejo,Brasil
16,I Ain’t Worried (Acoustic),OneRepublic,Pop,Brasil
17,Dia das Crianças,Yasmin Verissimo,Children's Music,Brasil
18,Tu Não Sabes,Zeca Baleiro,World,Brasil
19,VAI,Marc Yann,Pop,Brasil
20,Promete,Ana Vilela,Brazilian,Brasil
21,Tempo Perdido,Legião Urbana,Rock,Brasil
22,Trem Bala (feat. Luan Santana) [Acústico],Ana Vilela,MPB,Brasil
23,Cornfield Chase,Hans Zimmer,Soundtrack,Brasil
24,Uni-Duni-Tê,Trem Da Alegria,Brazilian,Brasil
26,Feliz Aniversário (feat. Dias de Truta),"Anima Mea,Dias de Truta",Reggae,Brasil
28,Haja Colírio (Ao Vivo) [feat. Hugo & Guilherme],"Guilherme,Benuto",Sertanejo,Brasil
29,Never Tear Us Apart,Sleeping At Last,"Singer,Songwriter",Brasil
31,Filter,BTS,K-Pop,Brasil
32,"Hino Agro (feat. Luan Pereira, Jacques Vanier & AgroPlay)","Ana Castela, Léo,Raphael,Dj Chris No Beat",Sertanejo,Brasil
33,Trevo (Tu) [feat. Tiago Iorc],Anavitória,Pop,Brasil
34,Alive (It Feels Like),Alok,Dance,Brasil
36,Rehab,Amy Winehouse,"R&B,Soul",Brasil
37,Beggin',Måneskin,Pop,Brasil
39,Sou + Você,Racionais MC's,"Hip Hop,Rap",Brasil
40,Um Anjo do Céu,Maskavo,Brazilian,Brasil
42,Parabéns da Xuxa,Xuxa,Brazilian,Brasil
44,Porque Eu Te Amo,Anavitória,Pop,Brasil
45,Anunciação - Sessions,Mariana Nolasco,Pop,Brasil
46,Nossa Senhora,Roberto Carlos,Brazilian,Brasil
47,Tempo,Priscila Brenner,Pop,Brasil
48,Janelinha (Ao Vivo),"Zé Neto,Cristiano",Sertanejo,Brasil
49,My Universe,Coldplay X BTS,Pop,Brasil
50,La vie en rose,ZAZ,Pop,Brasil
51,A Vida É Boa Com Você (Voz E Violão),Bryan Behr,Pop,Brasil
52,If I Ain't Got You (Live),Alicia Keys,"R&B,Soul",Brasil
53,Assim Os Dias Passarão,"Almir Sater,Renato Teixeira",Sertanejo,Brasil
54,Say My Name,ATEEZ,K-Pop,Brasil
55,Paradise City,Guns N' Roses,Hard Rock,Brasil
56,Ai Preto,"L7nnon, DJ Biel do Furduncinho,Bianca",Brazilian,Brasil
57,Aos Olhos do Pai,Crianças Diante do Trono,Christian & Gospel,Brasil
58,Please Don't Go,KC and The Sunshine Band,Dance,Brasil
60,Baile De Favela (Remix),"Piero da Vinci,Fr4nk Cr4nk",Electronic,Brasil
61,In the End (feat. Fleurie) [Mellen Gi Remix],"Tommee Profitt,Mellen Gi",Alternative,Brasil
62,Noites Traiçoeiras,Padre Marcelo Rossi,Brazilian,Brasil
63,9 Meses,Bárbara Dias,"Singer,Songwriter",Brasil
66,Tem Cabaré Essa Noite,"Nivaldo Marques,Nattan",Forró,Brasil
67,Bondade de Deus,Isaias Saad,Christian & Gospel,Brasil
70,Te Agradeço,Diante do Trono,Christian & Gospel,Brasil
71,Deserto (Ao Vivo),Maria Marçal,Christian & Gospel,Brasil
72,Barbie Girl,Aqua,Pop,Brasil
74,Deserto,Arianne,Gospel,Brasil
75,Assim É Ser Criança,Mundo Bita,Children's Music,Brasil
76,I'm Still Standing (Remastered),Elton John,Pop,Brasil
77,Quem Não Conhece Tá Sem Internet,"MC Marks, DJ BOY,DJ GM",Brazilian,Brasil
79,I Really Want to Stay At Your House,"Rosa Walton,Hallie Coggins",Soundtrack,Brasil
80,Set Tatuapé Conceito 2,"Mc Joaozinho VT, DJ BOY, DJ GM,MC Ryan SP",Baile Funk,Brasil
81,Comunicação Falhou (Ao Vivo),"Mari Fernandez,Nattan",Sertanejo,Brasil
82,Isso É Calypso (Ao Vivo),Joelma,Forró,Brasil
83,Saturday Night,Natalia Kills,Pop,Brasil
84,Don't Cha (Ralphi's Hot Freak Radio Mix),The Pussycat Dolls,Fitness & Workout,Brasil
85,Beat Automotivo Tan Tan Tan Viral,WZ Beat,Baile Funk,Brasil
86,Nada De Novo,Paulinho da Viola,Samba,Brasil
87,Algo De Mí,Franco Masini,Pop,Brasil
88,Eye For An Eye (feat. Rafael Jannotti),Evokings,Electronic,Brasil
89,Walk On,Boston,Rock,Brasil
90,Iced Tea,"Joyce Wrice,KAYTRANADA","R&B,Soul",Brasil
91,Lisboa Freestyle,Greg Ferreira,"Hip Hop,Rap",Brasil
92,Phoenix,Night Tales,Dance,Brasil
93,Invane,"Spag Heddy,Viperactive",Dubstep,Brasil
94,Adorarei (feat. Kellen Byanca),"Valesca Mayssa, Stella Laura,Nathália Braga",Christian & Gospel,Brasil
95,Homem Do Meu Tempo,Felipe Grilo,Sertanejo,Brasil
96,Cisco no Olho,"Thiago Aquino,Unha Pintada",Sertanejo,Brasil
97,Serenata (Ao Vivo),Henry Freitas,Forró,Brasil
98,100 Mili,"EBONY,LARINHX","Hip Hop,Rap",Brasil
99,Não Te Quero Mais (Ao Vivo),Eric Land,Brazilian,Brasil
100,Sincero (Ao Vivo),Eric Land,Brazilian,Brasil
6,Flowers Need Rain,"Preston Pablo,Banx,Ranx",Pop,Canada
7,Run Away to Mars,TALK,Rock,Canada
19,Can't Fight the Moonlight,LeAnn Rimes,Soundtrack,Canada
23,Don't You (Forget About Me),Simple Minds,Soundtrack,Canada
31,She Keeps Me Up,Nickelback,Rock,Canada
32,Blaze of Glory,Bon Jovi,Soundtrack,Canada
36,All The Small Things,blink-182,Rock,Canada
48,I Found You,Nate Smith,Country,Canada
55,Bam Bam (feat. Ed Sheeran),Camila Cabello,Pop,Canada
56,The Right Kind of Wrong,LeAnn Rimes,Soundtrack,Canada
57,"Hold My Hand (Music From The Motion Picture ""Top Gun: Maverick"")",Lady Gaga,Pop,Canada
61,Thunderstruck,AC/DC,Hard Rock,Canada
70,Whiskey On You,Nate Smith,Country,Canada
72,Glimpse of Us,Joji,Pop,Canada
73,Come Back Home,Sofia Carson,Soundtrack,Canada
74,Violet (feat. Killa),Connor Price,"Hip Hop,Rap",Canada
76,Valhalla Calling (feat. Peyton Parrish) [Duet Version],Miracle of Sound,Heavy Metal,Canada
77,Knock Off,Jess Moskaluke,Country,Canada
78,Enough,charlieonnafriday,Pop,Canada
87,I Surrender,Jeanick Fournier,Adult Contemporary,Canada
91,San Quentin,Nickelback,Rock,Canada
92,Escape (feat. Hayla),"Kx5, deadmau5,Kaskade",Dance,Canada
93,Where It Ends,Bailey Zimmerman,Country,Canada
95,You Got the Wrong Guy,Dean Brody,Country,Canada
96,Light My Fire (feat. Gwen Stefani & Shenseea),Sean Paul,Pop,Canada
98,Havana (feat. Young Thug),Camila Cabello,Pop,Canada
99,Man! I Feel Like a Woman!,Shania Twain,Country,Canada
100,I Will Survive,Gloria Gaynor,Pop,Canada
2,Kun Med Dig,Malte Ebert,Pop,Denmark
7,2 Die 4,Tove Lo,Pop,Denmark
8,Flyvende Faduma,Tobias Rahim,Pop,Denmark
11,Massive,Drake,Dance,Denmark
12,Kisimeerusaarlunga (2005),Tomba,Alternative Rap,Denmark
13,STOR MAND (feat. andreas odbjerg),Tobias Rahim,Pop,Denmark
14,hvad skal verden med sådan en som mig?,andreas odbjerg,Pop,Denmark
15,Kalde Dem for Du,Malte Ebert,Pop,Denmark
16,Stronger (What Doesn't Kill You),Kelly Clarkson,Pop,Denmark
17,Amager Forbrænding,Carl Emil Petersen,Rock,Denmark
18,Hold Me Closer (Joel Corry Remix),"Elton John,Britney Spears",Dance,Denmark
19,Aappaluttunik Siggulinnguaq,Olsen Kids,Pop,Denmark
20,Stay With Me,"Calvin Harris, Justin Timberlake, Halsey,Pharrell Williams",Dance,Denmark
22,Engangspik,Tessa,"Hip Hop,Rap",Denmark
24,BAGLÆNS,D1MA,"Hip Hop,Rap",Denmark
25,One Dance (feat. Wizkid & Kyla),Drake,"Hip Hop,Rap",Denmark
27,Mucki Bar,Tobias Rahim,Pop,Denmark
28,Juice,Blæst,Pop,Denmark
30,Kisivit (feat. Tûtu),Andachan,Dance,Denmark
34,Tro På Kærlighed,Gobs,"Hip Hop,Rap",Denmark
36,Disco Numberwang (feat. Amy Douglas),"Jean Aubergine,Dave Lee",House,Denmark
37,Ritmação da Putaria,Mc Kitinho,Brazilian,Denmark
38,Quiero Decirte (Bachata Remix),"Abraham Mateo, Ana Mena,DJ C",Pop in Spanish,Denmark
39,Call Me Maybe,Carly Rae Jepsen,Pop,Denmark
40,Feel This Moment (feat. Christina Aguilera),Pitbull,Pop,Denmark
41,Low (feat. T-Pain),Flo Rida,"Hip Hop,Rap",Denmark
42,Hot!,"Nik,Jay",Pop,Denmark
43,i morgen er der også en dag,andreas odbjerg,Pop,Denmark
44,One Kiss,"Calvin Harris, Dua Lipa",Dance,Denmark
45,rockstar (feat. 21 Savage),Post Malone,"Hip Hop,Rap",Denmark
46,Midt Om Natten,Kim Larsen,Pop,Denmark
47,Titanium (feat. Sia) [Extended],David Guetta,Dance,Denmark
48,Behind Blue Eyes,Limp Bizkit,Hard Rock,Denmark
49,Sweet Caroline (Single Version) [Bonus Track],DJ Ötzi,German Pop,Denmark
50,Breakaway,Kelly Clarkson,Pop,Denmark
52,(I Just) Died in Your Arms Tonight,Cutting Crew,Rock,Denmark
53,Feberdrømmer Xx Dubai,Tobias Rahim,Pop,Denmark
54,Ben,Tessa,"Hip Hop,Rap",Denmark
55,Under Din Sne,The Minds Of 99,Rock,Denmark
56,Human,Christina Perri,Pop,Denmark
57,Many Men (Wish Death),50 Cent,"Hip Hop,Rap",Denmark
59,"Gode Dage, Gode Drinks",Lamin,"Hip Hop,Rap",Denmark
61,Naasunnguusunga,Naja P,Pop,Denmark
62,Den Dejligste Boy,Benjamin Hav,"Hip Hop,Rap",Denmark
63,Danser Med Piger,Danser Med Piger,Pop,Denmark
64,Somebody to Love,Jefferson Airplane,Rock,Denmark
66,Når Mænd Græder,Tobias Rahim,Pop,Denmark
67,Closer,Ne-Yo,"R&B,Soul",Denmark
68,Oqaannarsinnaasuuguma,Enok Poulsen,Pop,Denmark
69,How Long Will I Love You (Bonus Track),Ellie Goulding,Pop,Denmark
70,Verden Vågner,"Gilli,Saveus",Pop,Denmark
73,For My Hand (feat. Ed Sheeran),Burna Boy,"Hip Hop,Rap",Denmark
74,Electric Motion,Drew Sycamore,Pop,Denmark
77,Miami Vicer,Gilli,"Hip Hop,Rap",Denmark
79,Inuuneq illit,Muusi,Pop,Denmark
81,Don't Say My Name And Forget It Again,Jada,Pop,Denmark
82,Baianá,Gilli,"Hip Hop,Rap",Denmark
83,Nuttin Nuh Go So,Notch,Modern Dancehall,Denmark
84,Livstegn,Rasmus Seebach,Pop,Denmark
86,Can You Feel the Love Tonight (End Title),Elton John,Soundtrack,Denmark
87,Ghost,Justin Bieber,Pop,Denmark
88,Mamas,"Anne Wilson,Hillary Scott",Christian & Gospel,Denmark
89,Drugs From Amsterdam,Mau P,Dance,Denmark
90,Drunk,Ameli Dot,Pop,Denmark
92,Ghost of You,Mimi Webb,Pop,Denmark
93,Blodbold (Stillaharuligan) [feat. Simon Kvamm],Lidt til Lægterne,Pop,Denmark
94,Asasara,Liima Inui,Rock,Denmark
95,Heaven,Calum Scott,Pop,Denmark
96,Brænd mig som en feber (fra TV2 serien Hvide Sande),Katinka Bjerregaard,Pop,Denmark
98,Miss You,"Oliver Tree,Robin Schulz",Dance,Denmark
99,Tell Me Why (Meduza Extended Remix),Supermode,Dance,Denmark
100,Lover of Mine,Louyah,"Singer,Songwriter",Denmark
2,Villieläin,Ramses II,Pop,Finland
4,Tippa-T,"Turisti,Elastinen","Hip Hop,Rap",Finland
5,Elämän ABC,Portion Boys,Dance,Finland
8,Paint It Black,Smack,Rock,Finland
10,Marraskuu,Pasi ja Anssi,Pop,Finland
11,Skene (feat. Sexmane & Victor Nordis),Ege Zulu,"Hip Hop,Rap",Finland
12,Elämänlangat,Lauri Tähkä,Pop,Finland
13,Huone 105,Kikka,Pop,Finland
14,Tulipalo,Kuumaa,Pop,Finland
15,Tanssi Tyttö Tanssi,Dilemma,"Hip Hop,Rap",Finland
17,Kaikella on tarkoitus,Lauri Tähkä,Pop,Finland
18,Tequilakahvi,Bee,Pop,Finland
19,Käyrä Nousemaan,Kikka,Pop,Finland
20,Vanity,Christina Aguilera,Pop,Finland
21,Bless the Child (Live),Nightwish,Hard Rock,Finland
22,Pills N Potions,Nicki Minaj,"Hip Hop,Rap",Finland
23,Overdrive,Far Out,Dance,Finland
24,Home Sweet Home (Live),Mötley Crüe,Hard Rock,Finland
25,Stay Chisel,Large Professor,"Hip Hop,Rap",Finland
26,(I Love) Lucy,Albert King,Blues,Finland
27,Cold Feet,Albert King,Blues,Finland
28,White Worms,Stone,Rock,Finland
29,I'd Love You To Want Me,Lobo,Pop,Finland
30,Im Maien,Joculatores Upsalienses,Classical,Finland
31,R.A.V.E.,"G Jones,Eprom",Electronic,Finland
32,But U (feat. Izzy Bizu),"Voost,Parx",Dance,Finland
33,Keep On Dancing,"StadiumX, Kelvin River,Twan Ray",Dance,Finland
34,Love2Love (with S.E.X.Appeal) [Radio Version],Startastic,Dance,Finland
35,Paranoid (Crash & Burn),Pop Evil,Rock,Finland
36,Bier (Tirol Dump) (feat. Daim Vega),DJ Maurice,Folk,Finland
37,From the Hill,Nation of Language,Alternative,Finland
38,Whore 1983,In This Moment,Rock,Finland
39,Vazgeçtim,"Nilipek.,Taner Yücel",Indie Pop,Finland
40,Our Own (feat. Micah Martin),Far Out,Electronic,Finland
41,Fullkomið Líf,Eurobandið,Pop,Finland
42,You Are Mine,Jay Robinson,"R&B,Soul",Finland
43,Le mariage forcé,Star Feminine Band,African,Finland
44,Ainoa oikea,Mara Balls,Indie Rock,Finland
45,This Is My Life,Eurobandið,Pop,Finland
46,Big in Japan (feat. Tony T) [Laurent Simeca Remix],"Sean Finn,Taner Ozturk",Dance,Finland
47,Ackerman Style,"Franco Aurelio,Prbtre","Hip Hop,Rap",Finland
48,Neon,Electric Callboy,Heavy Metal,Finland
49,Itäväylä,Nelma U,Pop,Finland
50,Out of the Shadows,"Da Tweekaz, Hard Driver,Coone",Dance,Finland
51,Changed My Mind,Scheppertus,Techno,Finland
52,A la gloire des femmes en deuil,Mathilde,French Pop,Finland
53,On Your Way,Dwayne Abbottyn,Electronic,Finland
54,Policy Live Journey,Dwayne Abbottyn,Electronic,Finland
55,The Courts Power,Dwayne Abbottyn,Electronic,Finland
56,The Parent of Heart,Dwayne Abbottyn,Electronic,Finland
57,The No Height,Dwayne Abbottyn,Electronic,Finland
58,Everglides,"TrackLab,yenss",Electronic,Finland
59,Slideflight,TrackLab,Electronic,Finland
60,"Always, Joni",Trousdale,Americana,Finland
61,Don't Give Up,"Retrovision,Guy Arthur",Dance,Finland
62,You (Reza Remix) [Reza Remix],Low Steppa,House,Finland
63,"Kerro miten se menee (feat. Heinis, Köyhä Jonne & Sairas T)",Likanen Etelä,"Hip Hop,Rap",Finland
64,Látigo,"Jowell,Randy",Latin,Finland
65,"Black Diamond (Live At B.C. Place Stadium, Vancouver/1999)",Kiss,Rock,Finland
66,Konayuki,Remioromen,J-Pop,Finland
67,To the Moon and Back (Breakdawner Vs Alex Loco Remix Edit),Discotronic meets Tevin,Dance,Finland
68,Shake,TrackLab,Electronic,Finland
69,Nineteen and Aimless,Joshua Lee Turner,Traditional Folk,Finland
70,Tropic,TrackLab,Electronic,Finland
71,Love dilemme (Radio Edit),Spleen,Pop,Finland
72,Carmine,FIT Siegel,Electronic,Finland
73,I Hear a Rhapsody,John Coltrane,Jazz,Finland
74,А тепер усе інакше,"The Faino,Aqua Vita",Pop,Finland
75,I Hope Your Husband Dies,Amigo the Devil,Folk,Finland
76,You Deserve Better (feat. Beck Pete),Mother's Daughter,Pop,Finland
77,Homeland,The High Kings,World,Finland
78,Demise,Kindrid,Electronic,Finland
79,Slush Puppy,King Krule,Alternative,Finland
80,Vague à l'âme (feat. Barbara Carlotti & Tristesse Contemporaine),Mutant,Electronic,Finland
81,Humppaa tai kuole! (Remastered Bonus),Eläkeläiset,World,Finland
82,Nicholas Patu,Piotr Wylezol,Jazz,Finland
83,Also sprach Zarahustra,T.S.O.,Soundtrack,Finland
84,Preludio de la Traviata,Paul Mauriat,Smooth Jazz,Finland
85,Sunshine Reggae,The Band,Dance,Finland
86,Domine exaudi,"Stephan MacLeod, Edda Breit, Jorg Sondermann,Triton Trombone Quartet",Classical,Finland
87,Danserye: Basse Danse: Danserye: Basse Danse: Entre Du Fol,Joculatores Upsalienses,Classical,Finland
88,"Pavane Sur la Bataille (Antwerp, 1571)",Joculatores Upsalienses,Classical,Finland
89,Danserye: Ronde: Danserye: Ronde: Il Estoit Une Filette,Joculatores Upsalienses,Classical,Finland
90,Come to My Aid (Survival Mix),Simply Red,Pop,Finland
91,Blowin' Up In the World,Kool G Rap,"Hip Hop,Rap",Finland
92,Dream,Soul Tempo,Vocal,Finland
93,Skyfall,Adele,Pop,Finland
94,Missä Muruseni On,Jenni Vartiainen,Pop,Finland
95,Everlasting Bomb,Widescreen Mode,Pop,Finland
96,Rolling In the Deep,Adele,Pop,Finland
97,Gangnam Style,PSY,Pop,Finland
98,Euphoria (Single Version),Loreen,Dance,Finland
99,Waka Waka (This Time for Africa) [The Official 2010 FIFA World Cup (TM) Song] [feat. Freshlyground],Shakira,Pop,Finland
100,Timantit On Ikuisia,Cheek,"Hip Hop,Rap",Finland
6,Don't You Worry,"Black Eyed Peas, Shakira,David Guetta",Pop,France
10,La goffa Lolita,La petite culotte,French Pop,France
11,PS : Je t'aime,Christophe Willem,French Pop,France
13,La recette,Slimane,French Pop,France
15,Te Amo (DJ Youcef Remix),"Calema,DJ Youcef",Pop,France
16,DIE,Gazo,"Hip Hop,Rap",France
17,Ce soir,Amir,French Pop,France
19,"Come Back Home (From ""Purple Hearts"")",Sofia Carson,Soundtrack,France
21,Un jour je marierai un ange,Pierre de Maere,French Pop,France
23,Bip Bip,Yanns,"Hip Hop,Rap",France
25,Confidence pour Confidence,Jean Schultheis,Pop,France
26,Et Bam,Mentissa,French Pop,France
27,Tout savoir,Adé,French Pop,France
30,Secret,Louane,French Pop,France
31,Shining Light,Aime Simone,Pop,France
33,Clap Your Hands,Kungs,Electronic,France
35,FADE UP (feat. Hamza & SCH),ZEG P,"Hip Hop,Rap",France
39,À toi,"M,Gail Ann Dorsey",French Pop,France
40,KU LO SA - A COLORS SHOW,Oxlade,"Hip Hop,Rap",France
41,This Is Not Our World (Ce n'est pas notre monde),"Moby,Indochine",Alternative,France
42,La grenade,Clara Luciani,French Pop,France
43,La kiffance,Naps,"Hip Hop,Rap",France
44,Suavemente,Soolking,"Hip Hop,Rap",France
45,"Courage to Change (From the Motion Picture ""Music"")",Sia,Pop,France
46,Il voyage en solitaire,Alain Bashung,French Pop,France
49,The Way of the Tears,Muhammad Al Muqit,Spoken Word,France
50,Mon cœur,Izia,French Pop,France
54,Flamme,Juliette Armanet,French Pop,France
55,Le coup d'soleil (feat. Emma Peters),Bon Entendeur,Electronic,France
56,Nous,Anne Sila,French Pop,France
57,La boulette (Génération nan nan),Diam's,Pop,France
59,"Enemy (From the series ""Arcane League of Legends"")","Imagine Dragons, JID,League of Legends",Alternative,France
60,Rends l’amour !,Benjamin Biolay,French Pop,France
62,Vivre,Michel Berger,French Pop,France
65,Terra Corsa,"Corsu - Mezu Mezu, Patrick Fiori, Patrick Bruel, Florent Pagny,Jean-Charles Papi",French Pop,France
66,Quand ?,Trois Cafés Gourmands,French Pop,France
67,Des milliers de je t'aime,Slimane,French Pop,France
70,Une autre histoire,Gérard Blanc,French Pop,France
71,Aimer,Serge Lama,French Pop,France
72,Jerusalema (feat. Burna Boy & Nomcebo Zikode) [Remix],Master KG,Dance,France
73,U-Turn (Lili),AaRON,Alternative,France
74,Still Loving You,Scorpions,Hard Rock,France
75,Perfect,Ed Sheeran,Pop,France
76,Imagine,John Lennon,Pop,France
77,Back In Black,AC/DC,Hard Rock,France
78,Shut Up and Dance,WALK THE MOON,Alternative,France
79,Le Dernier Jour du Disco,Juliette Armanet,French Pop,France
80,Nos plus belles années,"Grand Corps Malade,Kimberose",French Pop,France
82,Love Generation (feat. Gary Pine),Bob Sinclar,Electronic,France
83,Clic clic pan pan,Yanns,"Hip Hop,Rap",France
84,Psycho Killer,Talking Heads,Alternative,France
85,Money For Nothing,Dire Straits,Pop,France
86,Sultans of Swing,Dire Straits,Rock,France
88,Jefe,Ninho,"Hip Hop,Rap",France
89,MAINTENANT,GIMS,Pop,France
90,Balader,"Soolking,Niska","Hip Hop,Rap",France
92,On a pris le temps,"Grand Corps Malade, Ben Mazué,Gaël Faye",French Pop,France
95,Tailler la route,"Grand Corps Malade, Ben Mazué,Gaël Faye",French Pop,France
96,"1, 2, 3 (feat. De La Ghetto & Jason Derulo)",Sofía Reyes,Pop in Spanish,France
97,Olé,Ridsa,French Pop,France
98,VIP,Aya Nakamura,"R&B,Soul",France
100,Désolé,Souf,"R&B,Soul",France
5,Heavy Metal Love,twocolors,Dance,Germany
16,Let It Rain Down (feat. PollyAnna),Alle Farben,Dance,Germany
22,Thank You,"Gestört aber GeiL,Anna Grey",Dance,Germany
25,Wer hat hier schlechte Laune,"Max Raabe,Palast Orchester",Pop,Germany
28,Kernkraft 400 (A Better Day),"Topic,A7S",Dance,Germany
34,Es ist alles ok,Roland Kaiser,German Pop,Germany
38,Layla,"DJ Robin,Schürze",German Pop,Germany
39,Roller,Apache 207,"Hip Hop,Rap",Germany
41,AUF AUF,Silbermond,Pop,Germany
42,Wildberry Lillet (Remix),"Nina Chuba,Juju","Hip Hop,Rap",Germany
47,Was auch immer passiert,"Kerstin Ott,Andrea Berg",German Pop,Germany
49,Move Your Body,"Öwnboss,SEVEK",Dance,Germany
50,Bamba (feat. BIA),"Luciano,Aitch","Hip Hop,Rap",Germany
52,Für diesen Moment,Alexander Eder,Pop,Germany
54,My Way,Frank Sinatra,Vocal Pop,Germany
55,In The Dark,"Purple Disco Machine,Sophie and the Giants",Dance,Germany
57,I Believe,KAMRAD,Pop,Germany
58,Einmal sehen wir uns wieder,Joel Brandenstein,Pop,Germany
59,Wir sagen danke schön,Die Flippers,German Pop,Germany
60,Ich hass dich,"Nina Chuba,Chapo102","Hip Hop,Rap",Germany
63,Guten Morgen Sonnenschein,Nana Mouskouri,Vocal,Germany
66,My Will Be Done,Powerwolf,Heavy Metal,Germany
67,In meinem Baumhaus (für Milas),Mr. EisT33,"Hip Hop,Rap",Germany
72,Third Wheel,Zoe Wees,Pop,Germany
73,Bring Me to Life,Evanescence,Rock,Germany
74,Infinity,Jaymes Young,Alternative,Germany
75,Der Zug hat keine Bremse (Mallorcastyle Edition),"Mia Julia, Lorenz Büffel,Malle Anja",German Pop,Germany
76,Dorflove,"Kreisligalegende, Honk!,Thekensportlerz",German Pop,Germany
79,Kann mich irgendjemand hör'n,"Die Schule der magischen Tiere, Lilith Julie Johna, Robin Haefs, Robin Kallenberger,Yanek Stärk",Pop,Germany
80,In Da Club,50 Cent,"Hip Hop,Rap",Germany
81,Olivia (feat. DJ Cashi),Die Zipfelbuben,German Pop,Germany
82,On Repeat,"Robin Schulz,David Guetta",Dance,Germany
83,With You,Michael Schulte,Pop,Germany
85,Stärker (feat. Zeynep Avci),Johannes Oerding,Pop,Germany
88,Fette Wilde Jahre,Juli,Pop,Germany
90,Scheinwerfer an,SOPHIA,Pop,Germany
91,Jerusalema (feat. Nomcebo Zikode) [Edit],Master KG,Dance,Germany
94,Lost (XXV),Robbie Williams,Pop,Germany
95,"Was ich will, bist du (Ohne dich)",Ben Zucker,German Pop,Germany
96,Santiano (feat. Nathan Evans),Santiano,German Folk,Germany
97,Cider,"01099, PAUL,$OHO BANI","Hip Hop,Rap",Germany
3,Wonder,Twmmy,Pop,Greece
5,Poios Papadopoulos,"Goin' Through,Isorropistis",World,Greece
6,Poios Ticheros,Georgios Sabanis,Pop,Greece
8,Un Jour De Printemps (Remix),Degiheugi,Instrumental,Greece
9,Champion,Aural Fragment,Electronic,Greece
10,Afou Se Vrika De S' Afino (Pt. 2 - Fos),Konstantinos Argiros,"Singer,Songwriter",Greece
12,The Railway Station,Evanthia Reboutsika,Pop,Greece
13,"Ego Gia Dyo (20 Hronia Eleana Vrachali, Paidi Diko Sou)",Christos Mastoras,Europe,Greece
14,Creep,Kid Moxie,Pop,Greece
16,Arketa (Live),Panos Kiamos,Pop,Greece
17,Tie Your Mother Down,Queen,Rock,Greece
18,So Hard to Stay Sober,Gadless,Alternative Folk,Greece
19,You and I,Queen,Rock,Greece
20,Eye in the Sky (DJ Style Remix),"James Farrelli,Sarah Menescal",Electronic,Greece
21,Tora Skorpizesai,Stamatis Gonidis,Pop,Greece
22,"Dyo Epistrofes (Original TV Series ""To Kokkino Potami"" Soundtrack)","Konstantinos Argiros, Melina Aslanidou,Christos Papadopoulos","Singer,Songwriter",Greece
23,on the precipice of defeat,Shiro Sagisu,Anime,Greece
24,All I Need,Forester,Dance,Greece
25,Aviateur,Véronique Jannot,French Pop,Greece
26,All the Lives I Never Led,Iam Nothe,Alternative,Greece
27,Ethnic Techno,Ganger Baster,House,Greece
28,Miniatiure World (Nick Devon Remix),Monarke,Electronic,Greece
29,Agapi Allounou,Prodromos,Pop,Greece
30,Night,KastomariN,Electronic,Greece
31,Pame Apan' 'S Enan Rasin,"Pela Nikolaidou,Babis Kemanetzidis",Alternative Folk,Greece
32,Once a Day,Connie Smith,Country,Greece
33,"Album for the Young, Op. 68: No. 8. The Wild Rider",Peter Frankl,Classical,Greece
34,Rediscovered (Miguel Bastida Remix),"Hollen,Stefano Noferini",House,Greece
35,Sleeping Dogs (Original),Hollen,Techno,Greece
36,Μαγική Πόλη,Διονύσης Θεοδόσης,World,Greece
37,Me olvidé de vivir,Royal Philharmonic Orchestra,Easy Listening,Greece
40,You Will Never Know,Imany,Pop,Greece
41,Pio Psila,Vegas,Pop,Greece
42,Alors on danse (Mowgli Remix),Stromae,Dance,Greece
43,Je veux,ZAZ,French Pop,Greece
44,Fila Me Akoma (Baciami Ancora),"Panos Mouzourakis,Maraveyas",Pop,Greece
45,In and Out of Love (feat. Sharon den Adel) [Radio Edit],Armin van Buuren,Dance,Greece
46,Someone Like You,Adele,Pop,Greece
47,Love the Way You Lie (feat. Rihanna),Eminem,"Hip Hop,Rap",Greece
48,I Can't Breathe,Twmmy,Pop,Greece
49,Let Her Go,Passenger,Pop,Greece
50,To Kalokairi Mou,Michalis Hatzigiannis,Pop,Greece
51,Set Fire to the Rain,Adele,Pop,Greece
52,Last Summer,Nikos Ganos,Electronic,Greece
53,Non Ti Scordar Mai Di Me,Giusy Ferreri,Pop,Greece
54,Hello,Adele,Pop,Greece
55,Tainted Love,Kwan,Rock,Greece
56,Mia Kokkini Grammi,Natasa Theodoridou,Pop,Greece
57,Bad Romance,Lady Gaga,Pop,Greece
58,Diamonds,Rihanna,Pop,Greece
59,Shape of You,Ed Sheeran,Pop,Greece
60,Get Lucky (feat. Pharrell Williams) [Radio Edit],Daft Punk,Pop,Greece
61,Love Me Again (Gemini Remix),John Newman,Pop,Greece
62,I Follow Rivers,Lykke Li,Alternative,Greece
63,Dernière danse,Indila,French Pop,Greece
64,Empire State Of Mind (feat. Alicia Keys),JAY-Z,"Hip Hop,Rap",Greece
65,Summer Wine,"Ville Valo,Natalia Avelon",Pop,Greece
67,Sleepless,Until June,Rock,Greece
69,Impossible,James Arthur,Pop,Greece
71,As Long As There Is You (PH2 Remix),Timi Yuro,Pop,Greece
72,Hot N Cold,Katy Perry,Pop,Greece
73,Tik Tok (Fred Falke Club Remix),Kesha,Pop,Greece
74,Despacito (Mandarin Version) [feat. JJ Lin],Luis Fonsi,Pop in Spanish,Greece
75,An Eisai Ena Asteri,Nikos Vertis,Pop,Greece
76,Counting Stars,OneRepublic,Pop,Greece
77,Mercy,Duffy,Pop,Greece
79,Cry Cry,Oceana,Pop,Greece
80,Poker Face,Lady Gaga,Pop,Greece
81,Ocean Drive (Extended Mix),Duke Dumont,Electronic,Greece
82,+ Σε Θέλω,Sakis Rouvas,Pop,Greece
83,Pumped Up Kicks,Foster the People,Alternative,Greece
84,Baby It's Over,Helena Paparizou,Pop,Greece
85,That's My Name,Akcent,Pop,Greece
86,Just Hold Me,Maria Mena,Pop,Greece
87,Stepping Stone,Duffy,Pop,Greece
88,El Corazon,Arno Elias,Electronic,Greece
89,An Tha Borousa Ton Kosmo Na Allaza (Instrumental),Filippos Pliatsikas,World,Greece
1,"Kesariya (From ""Brahmastra"")","Pritam, Arijit Singh,Amitabh Bhattacharya",Bollywood,India
2,Baller,Shubh,Punjabi Pop,India
3,Summer High,AP Dhillon,Pop,India
4,Varaha Roopam Daiva Va Rishtam,"B Ajaneesh Loknath,Sai Vignesh",Soundtrack,India
5,"Manike (From ""Thank God"")","Yohani, Jubin Nautiyal, Tanishk Bagchi, Surya Ragunnathan, Surya Ragunaathan, Chamath Sangeeth, Rashmi Virag, Dulan ARX,Mellow D",Bollywood,India
6,Vikram (Title Track),Anirudh Ravichander,Tamil,India
8,Akhiyaan,Mitraz,Pop,India
9,Peaches,Diljit Dosanjh,Punjabi Pop,India
10,Lemonade,Diljit Dosanjh,Punjabi Pop,India
12,"Megham Karukatha (From ""Thiruchitrambalam"")","Dhanush,Anirudh Ravichander",Tamil,India
13,The Flute of Srikrishna,Kaala Bhairava,Soundtrack,India
15,Ram Siya Ram (feat. Sachet Tandon) [Lo-fi],DJ RJ Bhadrak,Ambient,India
16,Inthandham,S.P. Charan,Telugu,India
17,"Deva Deva (From ""Brahmastra"")","Pritam, Arijit Singh, Amitabh Bhattacharya,Jonita Gandhi",Bollywood,India
18,Rolex SIR Theme (Rolex Vs Dilli) Vikram BGM,Livimusic,World,India
19,Caviar,Diljit Dosanjh,Punjabi Pop,India
20,Mallipoo,"A.R. Rahman,Madhushree",Tamil,India
21,Ponni Nadhi,"A.R. Rahman, A.R. Raihanah,Bamba Bakya",Tamil,India
22,Jo Tenu Dhoop Lagya (Heer Ranjha),Rito Riba,Indian Pop,India
23,Lokiverse (Background Score),Anirudh Ravichander,Tamil,India
24,Oh Sita Hey Rama,"S.P. Charan,Ramya Behara",Telugu,India
25,Pasoori,"Shae Gill,Ali Sethi",Pop,India
26,"Galliyan Returns (From ""Ek Villain Returns"")",Ankit Tiwari,Bollywood,India
27,Rolex Theme (Background Score),Anirudh Ravichander,Tamil,India
28,"Kadhalikum Pennin (From ""Kadhalan"") [Instrumental Cover]",Gogul Ilango,Indian,India
29,Iphone Ringtone Trap (Remix),Jasser Labidi,Instrumental,India
32,No Love,Shubh,Punjabi Pop,India
33,Excuses,"AP Dhillon, Gurinder Gill,Intense",World,India
34,So High,Sidhu Moose Wala,Punjabi,India
35,Chola Chola,"Sathya Prakash, V.M. Mahalingam,Nakul Abhyankar",Tamil,India
36,Devaralan Aattam,"A.R. Rahman,Yogisekar",Tamil,India
37,Faded (Dash Berlin Remix),Alan Walker,Dance,India
38,Gunehgar,DIVINE,Rap,India
40,Har Har Shambhu Shiv Mahadeva (feat. Abhilipsa Panda),Jeetu Sharma,Devotional & Spiritual,India
41,Once Upon a Time,Anirudh Ravichander,Tamil,India
42,Singara Siriye,"B Ajaneesh Loknath, Vijay Prakash, Ananya Bhat,Nagraj Panar Valtur",Soundtrack,India
43,Chand Chhupa Badal Mein,"Udit Narayan,Alka Yagnik",Bollywood,India
44,Saath Ho Tera,"Amaal Mallik, Aastha Gill,Lisa Mishra",Indian Pop,India
45,"Megham Karukatha (From ""Thiruchitrambalam"") [Instrumental Cover]",Gogul Ilango,Indian,India
46,Paris Ka Trip,"Yo Yo Honey Singh, Millind Gaba,Asli Gold",Indian Pop,India
47,Karwa Chauth,Jass Manak,Punjabi,India
49,"Veera Soora (From ""Naane Varuvean"")","Yuvanshankar Raja, Muthu Sirpi,Selva Raghavan",Tamil,India
51,Ram Siya Ram,Sachet Tandon,Devotional & Spiritual,India
52,The Last Ride,Sidhu Moose Wala,Indian Pop,India
54,Dil Nu,"AP Dhillon,Shinda Kahlon",Punjabi Pop,India
55,All 4 Nothing (I'm So In Love),Lauv,Pop,India
57,See You Again (feat. Charlie Puth),Wiz Khalifa,"Hip Hop,Rap",India
58,Where Are You,Otnicka,Dance,India
59,"Krishna Trance (From ""Karthikeya 2"")",Kaala Bhairava,Soundtrack,India
60,Insane,"AP Dhillon, Shinda Kahlon, Gurinder Gill,Gminxr",Pop,India
61,Levels (feat. Sunny Malton),Sidhu Moose Wala,Indian Pop,India
62,Aathma Raama,Brodha V,Tamil,India
63,Spaceship,"AP Dhillon, Shinda Kahlon,Gminxr",Punjabi Pop,India
65,Har Har Shambhu (Lo-fi Mix),Dj Viju,World,India
66,"Ponni Nadhi (From ""Ponniyin Selvan Part -1"") [Tamil]","A.R. Rahman, A.R. Raihanah,Bamba Bakya",Tamil,India
68,Wo Noor,AP Dhillon,Punjabi Pop,India
69,Chalo Theek Hai,"Amaal Mallik,Kaushal Kishore",Indian Pop,India
70,Deva Deva,"Pritam, Arijit Singh, Amitabh Bhattacharya,Jonita Gandhi",Bollywood,India
71,Pasoori (Instrumental),Ronak Agrawal,"Hip Hop,Rap",India
72,"Singara Siriye (From ""Kantara"")","B Ajaneesh Loknath, Vijay Prakash, Ananya Bhat,Nagraj Panar Valtur",Soundtrack,India
73,"Saathiya (From ""Cuttputlli"")","Tanishk Bagchi, Nikhil D'Souza,Zahrah S Khan",Bollywood,India
74,Jugni,"Diljit Dosanjh,Diamond Platnumz",Indian Pop,India
75,I Was Never There (Sped Up Instrumental),Lil Barberi,Pop,India
76,Ghar Aaja Pardesi,"Pamela Chopra,Manpreet Kaur",Bollywood,India
77,Naane Varuven Theme Music (Instrumental),Jawahar,World,India
78,Agar Tum Saath Ho,"Alka Yagnik,Arijit Singh",Bollywood,India
79,Deewani Mastani,"Shreya Ghoshal, Ganesh Chandanshive, Mujtaba Aziz Naza, Shadab Faridi, Altamash Faridi,Farhan Sabri",Bollywood,India
82,Namo Namo,Amit Trivedi,Bollywood,India
83,Desires,"AP Dhillon,Gurinder Gill",Punjabi Pop,India
84,295,Sidhu Moose Wala,Indian Pop,India
85,Krishna Theme (Flute),Paras Nath,Bollywood,India
86,Happy Birthday,Nakash Aziz,Bollywood,India
87,We Rollin,Shubh,Punjabi Pop,India
88,Pehla Nasha,"Udit Narayan,Sadhana Sargam",Bollywood,India
89,Krishna Krish Flute,"Lakhinandan Lahon,Instrumental",Instrumental,India
90,The Life of Ram,Pradeep Kumar,Tamil,India
91,Wasted,Anirudh Ravichander,Tamil,India
92,Baarish Aayi Hai,"Javed-Mohsin, Stebin Ben,Shreya Ghoshal",Indian Pop,India
93,"Maiyya Mainu (From ""Jersey"")","Sachet-Parampara,Sachet Tandon",Bollywood,India
94,Radhe Radhe,Hansraj Raghuwanshi,Devotional & Spiritual,India
95,"Thenmozhi (From ""Thiruchitrambalam"")","Santhosh Narayanan,Anirudh Ravichander",Tamil,India
96,Pehla Pyaar,Armaan Malik,Bollywood,India
97,Ratchasa Maamaney,"Shreya Ghoshal, Palakad Sreeram,Mahesh Vinayakram",Tamil,India
100,Fashion Ka Jalwa,"Sukhwinder Singh, Satya Hinduja,Robert 'Bob' Omulo",Bollywood,India
3,All For You,"Cian Ducrot,Ella Henderson",Pop,Ireland
11,Modern Colosseum,Wild Youth,Pop,Ireland
13,Come out Ye Black and Tans,The Wolfe Tones,Traditional Folk,Ireland
16,Sean South of Garryowen,The Wolfe Tones,Traditional Folk,Ireland
19,Music's Door,"Roy Taylor,Finbar Furey",Traditional Folk,Ireland
25,Innocence and Sadness,Dermot Kennedy,Pop,Ireland
26,Boys of the Old Brigade,The Wolfe Tones,Traditional Folk,Ireland
27,Honey Child,Benedict Brothers,Dance,Ireland
28,"Spice Up Your Life (Live In Arnhem, Netherlands / 1998)",Spice Girls,Pop,Ireland
29,Come What May,Luke Evans,Pop,Ireland
33,Count on Me,Bruno Mars,Pop,Ireland
34,Summertime Sadness,Lana Del Rey,Alternative,Ireland
36,Magic (Pilot),Selena Gomez,Children's Music,Ireland
37,Grace,The Wolfe Tones,Traditional Folk,Ireland
39,Save Your Tears (Remix),"The Weeknd,Ariana Grande","R&B,Soul",Ireland
40,PSYCHO,Anne-Marie x Aitch,Pop,Ireland
41,The Streets of New York,The Wolfe Tones,Traditional Folk,Ireland
44,Siúil a Rúin,Celtic Calling,Folk,Ireland
45,Tourner dans le vide,Indila,French Pop,Ireland
48,Downtown Parade (feat. ELLYD),Davie Furey,Rock,Ireland
49,Talk,Moncrieff,Pop,Ireland
50,Patience,"Damian ""Jr. Gong"" Marley,Nas",Reggae,Ireland
51,Sparrow and the Wolf,James Vincent McMorrow,"Singer,Songwriter",Ireland
52,Kerosene,Biig Piig,Alternative,Ireland
53,Yes,Thomas Newman,Soundtrack,Ireland
54,Happier,Lea Heart,Pop,Ireland
56,To the Beginning,Kalafina,Anime,Ireland
57,K1,Aloka,Electronic,Ireland
58,I Am What I Am,Gloria Gaynor,Dance,Ireland
60,Past Tense,The DRIIVE,Alternative,Ireland
61,Against All Odds,Rell Rock,"Hip Hop,Rap",Ireland
62,Come For You,Mathame,Dance,Ireland
63,The Upswing (Live at St. Luke's),"Bell X1,Dowry Strings",Alternative,Ireland
64,Te dua,Mozzik,"Hip Hop,Rap",Ireland
65,Until Tomorrow,Kevin Kern,New Age,Ireland
66,Alarm Clock for Wake Up Comfortably - Love Is a Song (Piano Cover [With The Breeze and The Song of The Birds]),Alarm Clock,Easy Listening,Ireland
67,Peace,MohBad,Afro-Beat,Ireland
68,Weather Master,Mano Le Tough,Electronic,Ireland
69,Noisy World,Tal Fussman,Electronic,Ireland
70,A New Day 4 Music,"Block,Crown,Maickel Telussa",House,Ireland
71,Sunday926,"HEAVY CHEST,BENEE",Electronic,Ireland
72,The Government Made Cosmophobe Delete His Pages,Inhaler,Heavy Metal,Ireland
73,BTS FAKE LOVE (feat. Swish Muzik) [Hindi version],KARISHHMA,Pop,Ireland
74,Because of You,David J,Country,Ireland
75,You Took Horse Dewormer You Absolute Fucking Idiot (feat. Cosmophobe),Inhaler,Heavy Metal,Ireland
76,Living Waters (Let The),"Children of God, Chicco,Brenda Fassie",Gospel,Ireland
77,Soon And Very Soon,"Children of God, Chicco,Brenda Fassie",Gospel,Ireland
78,Contigo,Carla Morrison,Pop in Spanish,Ireland
79,Embracing the Sunshine (Deeper Sunshine Mix),BT,Electronic,Ireland
80,Life Is Not The Same,James Blake,Alternative,Ireland
81,No Lo Quiero Dañar,Tommy Torres,Latin,Ireland
82,All I Want,Cut Off,Electronic,Ireland
83,Braindead,"Andrey Azizov,Tennis Club",Pop,Ireland
84,4 Those That Can Dance (Klubbed Up Remix),Benedict Brothers,Dance,Ireland
85,Honey Child (Paul Maddox 2008 Remix),Benedict Brothers,Dance,Ireland
86,Tech 7,Abfahrt Hinwil,Electronic,Ireland
87,Down In Mexico,The Coasters,"R&B,Soul",Ireland
88,Laura,"Orkiestra Polskiego Radia i TV w Łodzi,Henryk Debich","R&B,Soul",Ireland
89,I Still Do,Par Grindvik,Techno,Ireland
90,Manhattan (Wh0 Remix),"Milk Bar, Santarini,Antonio Contino",House,Ireland
91,When Jesus Gets To Town,Freddie White,Rock,Ireland
92,Time After Time (feat. Frankie Balou) [Single Mix],LUNAZ,Pop,Ireland
93,Sailing Nights,Desure,Rock,Ireland
94,Visione,Peppino Gagliardi,Pop,Ireland
95,Happy Day (feat. John Redmond) [Classic Main Mix],Paul Trouble Anderson,Dance,Ireland
96,Dust on the Bottle,David Lee Murphy,Country,Ireland
97,Going to the Library,Danny Weinkauf,Children's Music,Ireland
98,The Story Foretold,Howard Shore,Soundtrack,Ireland
99,#Demand,Pär Grindvik,Dance,Ireland
100,Little Egypt (Ying-Yang) [Remastered],The Coasters,"R&B,Soul",Ireland
3,Bellissima,Annalisa,Pop,Italy
5,SNAP (Italian),"Rosa Linn,Alfa",Indie Pop,Italy
6,Ricordi,Pinguini Tattici Nucleari,Pop,Italy
7,La Vita Splendida,Tiziano Ferro,Pop,Italy
8,fluo,Sangiovanni,Pop,Italy
13,occhi grandi grandi,Francesca Michielin,Pop,Italy
14,Giovani Wannabe,Pinguini Tattici Nucleari,Pop,Italy
16,Attraverso Te (feat. La rappresentante di lista),Marco Mengoni,Pop,Italy
17,Teardrop,Massive Attack,Electronic,Italy
18,Caos,"Fabri Fibra, Lazza,Madame","Hip Hop,Rap",Italy
19,Extasi,Fred De Palma,"Hip Hop,Rap",Italy
20,Vieni nel mio cuore,Ultimo,"Singer,Songwriter",Italy
22,Easy,Baby K,Pop,Italy
23,Palla Al Centro,"Elisa,Jovanotti",Pop,Italy
24,Chiamami,Coma_Cose,Alternative,Italy
25,ABISSALE,Tananai,Pop,Italy
26,Tropicana,"Boomdabash,Annalisa",Pop,Italy
27,Murder On the Dancefloor,Sophie Ellis-Bextor,Pop,Italy
28,Ferrari (Remix),"James Hype, Miggy Dela Rosa,Lazza",Dance,Italy
29,Ancora Una Volta,"Marco Mengoni,Samuele Bersani",Pop,Italy
33,Pastello Bianco,Pinguini Tattici Nucleari,Pop,Italy
34,Stella Di Mare,"Cesare Cremonini,Lucio Dalla",Pop,Italy
35,Tutti I Miei Ricordi,Marco Mengoni,Pop,Italy
37,LA DOLCE VITA,"Fedez, Tananai,Mara Sattei",Pop,Italy
39,Caramello,"Rocco Hunt, Elettra Lamborghini,Lola Índigo",Pop,Italy
43,"Quevedo: Bzrp Music Sessions, Vol. 52","Bizarrap,Quevedo","Hip Hop,Rap",Italy
44,We Own The Night,Sophie and the Giants,Pop,Italy
45,No Stress,Marco Mengoni,Pop,Italy
46,Believe (feat. Goodboys),Acraze,Dance,Italy
47,Torna a casa,Måneskin,Rock,Italy
48,Nostalgia,BLANCO,"Hip Hop,Rap",Italy
49,Glory Box,Portishead,Electronic,Italy
51,Shakerando,Rhove,"Hip Hop,Rap",Italy
52,Bolero (feat. MIKA),Baby K,Pop,Italy
56,Sono,"Eros Ramazzotti,Alejandro Sanz",Pop,Italy
58,Koo Koo Fun,"Major Lazer, Major League Djz, Tiwa Savage,DJ Maphorisa",Dance,Italy
60,Dove Si Balla,Dargen D'Amico,"Hip Hop,Rap",Italy
61,Hace Calor (feat. Omar Varela) [Remix],"Kaleb Di Masi, Sfera Ebbasta,Rvfv",Latin,Italy
63,PARE (feat. Madame),Ghali,"Hip Hop,Rap",Italy
64,Chiedimi Come Sto (feat. Bresh),Marco Mengoni,Pop,Italy
65,Capri Sun,Capo Plaza,"Hip Hop,Rap",Italy
66,Humankind,Coldplay,Pop,Italy
67,c!ao (feat. Rondodasosa),thasup,"Hip Hop,Rap",Italy
68,Pump It Louder,"Tiësto,Black Eyed Peas",Dance,Italy
71,I love you baby,"Jovanotti,sixpm",Pop,Italy
74,FINIMONDO,M¥SS KETA,Pop,Italy
75,HULA-HOOP,"Carl Brave,Noemi",Indie Pop,Italy
76,Hope There's Someone,"Antony,The Johnsons",Alternative,Italy
77,!ly (feat. Coez),thasup,"Hip Hop,Rap",Italy
78,Tell Me Why (Meduza Remix),Supermode,Dance,Italy
79,Jealous,Labrinth,Pop,Italy
81,Demons,Imagine Dragons,Alternative,Italy
82,MI FAI IMPAZZIRE,"BLANCO,Sfera Ebbasta","Hip Hop,Rap",Italy
83,Iron Sky,Paolo Nutini,Pop,Italy
85,CORALINE,Måneskin,Rock,Italy
86,5 Gocce (feat. Rkomi),Irama,"Hip Hop,Rap",Italy
90,s!r! (feat. Lazza & Sfera Ebbasta),thasup,"Hip Hop,Rap",Italy
91,Migliore Di Me,Marco Mengoni,Pop,Italy
92,My Life,Imagine Dragons,Alternative,Italy
94,Piccola stella,Ultimo,Pop,Italy
95,Bagno a mezzanotte,Elodie,Pop,Italy
96,I WANNA BE YOUR SLAVE,Måneskin,Hard Rock,Italy
97,Tribale,Elodie,Pop,Italy
99,Bad Decisions,"benny blanco, BTS,Snoop Dogg",Pop,Italy
100,La Bachata,Manuel Turizo,Latin Urban,Italy
2,Subtitle,Official髭男dism,J-Pop,Japan
3,grace,藤井 風,J-Pop,Japan
4,祝福,YOASOBI,J-Pop,Japan
5,CHAINSAW BLOOD,Vaundy,J-Pop,Japan
6,インドラ,"麻枝准,やなぎなぎ",Anime,Japan
7,SOUVENIR,BUMP OF CHICKEN,J-Pop,Japan
8,色彩,yama,J-Pop,Japan
9,行方知れず,Ado,J-Pop,Japan
10,アスファルトを鳴らして,ノクチル,Anime,Japan
11,ALIVE (LycoReco Version),ClariS,Anime,Japan
12,君よ 気高くあれ,シユイ,J-Pop,Japan
13,新時代,Ado,J-Pop,Japan
14,ミックスナッツ,Official髭男dism,J-Pop,Japan
15,アイウエ (feat. 美波 & SAKURAmoti),MAISONdes,Alternative,Japan
16,Rapport,キタニタツヤ,Alternative,Japan
17,Romancing Cruise,Switch/逆先 夏目(CV.野島 健児)、青葉 つむぎ(CV.石川 界人)、春川 宙(CV.山本 和臣),Anime,Japan
18,ゼロからイチへ,KAT-TUN,J-Pop,Japan
20,青春コンプレックス,結束バンド,Anime,Japan
21,もう一度,Tani Yuuki,J-Pop,Japan
22,W / X / Y,Tani Yuuki,J-Pop,Japan
23,Overdose,なとり,J-Pop,Japan
24,花の塔,さユり,Rock,Japan
25,Catch the Breeze,ノクチル,Anime,Japan
26,ダンスホール,Mrs. GREEN APPLE,Rock,Japan
27,NEVER SAY GOODBYE (feat. Mummy-D),ALI,Alternative,Japan
28,私は最強,Ado,J-Pop,Japan
29,ALIVE,ClariS,Anime,Japan
30,Final Call,milet,J-Pop,Japan
31,SuperCali,JO1,J-Pop,Japan
32,We Fresh,Kep1er,K-Pop,Japan
33,銀河旅団,"麻枝准,やなぎなぎ",Anime,Japan
34,水星 × 今夜はブギー・バック nice vocal,池田智子 × TENDRE,Soundtrack,Japan
35,新時代 (ウタ from ONE PIECE FILM RED),Ado,J-Pop,Japan
36,Distortion!!,結束バンド,Anime,Japan
37,Make the change,ENHYPEN,K-Pop,Japan
38,すずめ (feat. 十明),RADWIMPS,Rock,Japan
40,永遠の一瞬,虹ヶ咲学園スクールアイドル同好会,Anime,Japan
41,逆光,Ado,J-Pop,Japan
42,OUR P13ECES!!!,ニジガク with You,Anime,Japan
43,Hurray Hurray (12人 Ver.),虹ヶ咲学園スクールアイドル同好会,Anime,Japan
44,ヒトツボシ,KOH+,J-Pop,Japan
45,ひとりぼっち東京,結束バンド,Anime,Japan
46,閃光,[Alexandros],Rock,Japan
47,Tot Musica,Ado,J-Pop,Japan
48,ベルベットの詩,back number,J-Pop,Japan
49,夏の雪,krage,J-Pop,Japan
50,Habit,SEKAI NO OWARI,J-Pop,Japan
51,M八七,米津玄師,J-Pop,Japan
52,Change to Chance,DRAMATIC STARS,Anime,Japan
53,風のゆくえ,Ado,J-Pop,Japan
54,堕天,Creepy Nuts,"Hip Hop,Rap",Japan
55,魔法のコトバ,スピッツ,Rock,Japan
56,残響散歌,Aimer,J-Pop,Japan
57,リベリオン,Ado,J-Pop,Japan
58,きらり,藤井 風,J-Pop,Japan
59,ひたむき,SUPER BEAVER,Rock,Japan
60,1,MOB CHOIR,Anime,Japan
61,ウタカタララバイ,Ado,J-Pop,Japan
62,ツバメ (feat. ミドリーズ),YOASOBI,J-Pop,Japan
63,Talk that Talk,TWICE,K-Pop,Japan
64,SKETCH,秋山黄色,Rock,Japan
65,虹の行方 (ノクチル Ver.),ノクチル,Anime,Japan
66,紫苑,Saucy Dog,Rock,Japan
67,愛とか恋とか,Novelbright,Rock,Japan
68,damn,藤井 風,J-Pop,Japan
69,転生したら剣でした,"岸田教団,THE明星ロケッツ",Anime,Japan
70,Over Night (feat. Aile The Shota) [Remix],Kalassy Nikoff,"Hip Hop,Rap",Japan
71,エジソン,水曜日のカンパネラ,J-Pop,Japan
72,水平線,back number,J-Pop,Japan
73,スターマイン,Da-iCE,J-Pop,Japan
74,想いのち晴れ,"あおい(CV.井口裕香),ひなた(CV.阿澄佳奈)",Anime,Japan
75,雨燦々,King Gnu,Alternative,Japan
76,REPLAY,三代目 J SOUL BROTHERS from EXILE TRIBE,J-Pop,Japan
77,Scream 〜万魔殿パンデモニウム:煉獄編〜,祖堅正慶,Soundtrack,Japan
78,かたち,安月名莉子,Anime,Japan
79,Wish,中島 美嘉,J-Pop,Japan
80,喜劇,星野源,Alternative,Japan
81,In The Neighborhood,ZORN,"Hip Hop,Rap",Japan
82,果てしない二人,aiko,J-Pop,Japan
83,雲を恋う,須田景凪,J-Pop,Japan
84,青と夏,Mrs. GREEN APPLE,Rock,Japan
85,"1, 2, 3 Eoi!",MAMAMOO,K-Pop,Japan
86,Walk This Way (feat. AKLO),ZORN,"Hip Hop,Rap",Japan
87,Before I Rise (Acoustic Version),She is Legend,Anime,Japan
88,HOLLOW HUNGER,OxT,Anime,Japan
89,世界のつづき,Ado,J-Pop,Japan
91,失楽園,まふまふ,J-Pop,Japan
92,Start Over,THE BEAT GARDEN,J-Pop,Japan
93,レオ,優里,Rock,Japan
94,のびしろ,Creepy Nuts,"Hip Hop,Rap",Japan
95,今夜はブギー・バック nice vocal × 水星,kZm × 佐藤千亜妃,Soundtrack,Japan
96,扉を開けてベルを鳴らそう,"あおい(CV.井口裕香),ひなた(CV.阿澄佳奈)",Anime,Japan
97,Cry Baby,Official髭男dism,J-Pop,Japan
98,Gaze on Me!,"ウオッカ (CV. 大橋彩香), ダイワスカーレット (CV. 木村千咲), マヤノトップガン (CV. 星谷美緒), スマートファルコン (CV. 大和田仁美), ダイタクヘリオス (CV. 山根 綺), サクラローレル (CV. 真野美月), ヤマニンゼファー (CV. 今泉りおな), ダイイチルビー (CV. 礒部花凜), アストンマーチャン (CV. 井上ほの花), ケイエスミラクル (CV. 佐藤日向), コパノリッキー (CV. 稲垣 好), ホッコータルマエ (CV. 菊池紗矢香),ワンダーアキュート (CV. 須藤叶希)",Anime,Japan
99,デイドリーム ビリーヴァー,"FLOW,ORANGE RANGE",Anime,Japan
100,いつまでも (feat. SoulJa),青山テルマ,J-Pop,Japan
1,Laura No Está,Mar Rendón,Alternative & Rock in Spanish,Mexico
2,X Ti Ya No,Cesia Sáenz,Pop in Spanish,Mexico
7,Segundas Partes,Andresse,Pop in Spanish,Mexico
12,"No Me Importa (feat. Lucía Mendez, Laura Zapata, Sylvia Pasquel & Lorena Herrera)",Siempre Reinas,Pop in Spanish,Mexico
13,Ojitos Lindos,"Bad Bunny,Bomba Estéreo",Latin,Mexico
14,Confieso,Kany García,Pop in Spanish,Mexico
15,Efecto,Bad Bunny,Latin,Mexico
16,Ojos Marrones,Lasso,Pop in Spanish,Mexico
20,Sick of U (feat. Oliver Tree),BoyWithUke,Alternative,Mexico
21,PUNTO 40,"Rauw Alejandro,Baby Rasta",Latin Urban,Mexico
22,PROVENZA,KAROL G,Latin Urban,Mexico
23,Te Felicito,"Shakira,Rauw Alejandro",Pop in Spanish,Mexico
24,XT4S1S,Danna Paola,Pop in Spanish,Mexico
25,JGL,"La Adictiva,Luis R Conriquez",Regional Mexicano,Mexico
28,Como Tú y Yo,Chayanne,Pop in Spanish,Mexico
29,La Siguiente,"Kany García,Christian Nodal",Pop in Spanish,Mexico
30,Du hast,Rammstein,Heavy Metal,Mexico
31,Te Esperaba,Carlos Rivera,Pop in Spanish,Mexico
32,Hopelessly Devoted to You,Olivia Newton-John,Musicals,Mexico
33,Me Porto Bonito,"Bad Bunny,Chencho Corleone",Latin,Mexico
35,Neverita,Bad Bunny,Latin,Mexico
36,Siempre Pendientes,"Peso Pluma,Luis R Conriquez",Regional Mexicano,Mexico
38,Calidad,"Grupo Firme,Luis Mexía",Regional Mexicano,Mexico
40,El Rescate,"Grupo Marca Registrada,Junior H",Regional Mexicano,Mexico
41,With you,"Jimin,HA SUNG WOON",Soundtrack,Mexico
42,El Belicon,"Peso Pluma,Raul Vega",Regional Mexicano,Mexico
43,Los Botones Azules,"Junior H,Luis R Conriquez",Latin,Mexico
45,Maldito (feat. Yari Mejía & Raquel Martínez),La Más Draga,Latin,Mexico
47,"Another Brick In the Wall, Pt. 2",Pink Floyd,Rock,Mexico
48,Like a Stone,Audioslave,Hard Rock,Mexico
49,Desvelado,Bobby Pulido,Pop in Spanish,Mexico
50,Mon Amour (Remix),"zzoilo,Aitana",Pop in Spanish,Mexico
52,Easy On Me,Adele,Pop,Mexico
53,BIZCOCHITO,ROSALÍA,Pop in Spanish,Mexico
56,Junio,Maluma,Latin Urban,Mexico
59,No Es Que Te Extrañe,Christina Aguilera,Pop in Spanish,Mexico
60,BABY OTAKU,"Pablo Pesadilla, Polimá Westcoast, Nickoog Clk,Fran C",Latin Urban,Mexico
61,El Hijo Mayor,Junior H,Latin,Mexico
63,Cure For Me,AURORA,Pop,Mexico
64,Brillas,León Larregui,Alternative & Rock in Spanish,Mexico
66,The Scientist,Coldplay,Alternative,Mexico
67,Photograph,Ed Sheeran,Pop,Mexico
68,Las Mañanitas,Alejandro Fernández,Regional Mexicano,Mexico
69,Ahora Te Puedes Marchar,Luis Miguel,Latin,Mexico
70,La Incondicional,Luis Miguel,Latin,Mexico
72,I Want To Break Free,Queen,Rock,Mexico
73,Tengo Todo Excepto a Ti,Luis Miguel,Latin,Mexico
75,"Diles (feat. Arcángel, Ñengo Flow, DJ Luian & Mambo Kingz)","Bad Bunny, Ozuna,Farruko",Latin,Mexico
76,You're the One That I Want,"John Travolta,Olivia Newton-John",Musicals,Mexico
77,November Rain,Guns N' Roses,Hard Rock,Mexico
78,Love on the Brain,Rihanna,Pop,Mexico
80,Algo Me Gusta De Ti (feat. Chris Brown & T-Pain),"Wisin,Yandel",Latin Urban,Mexico
83,Engel,Rammstein,Heavy Metal,Mexico
84,La Llorona,Ángela Aguilar,Regional Mexicano,Mexico
86,Yonaguni,Bad Bunny,Latin Urban,Mexico
87,Ya Supérame (En Vivo),Grupo Firme,Latin,Mexico
88,Mmmamy (feat. Yari Mejía & Deseos Fab),La Más Draga,Latin,Mexico
89,La Boda del Huitlacoche (Live),Carin Leon,Latin,Mexico
90,Moscow Mule,Bad Bunny,Latin,Mexico
91,Ya Acabo,Marca MP,Latin,Mexico
95,Me Rendí,"Eden Muñoz,Banda MS de Sergio Lizárraga",Regional Mexicano,Mexico
96,The Feels,TWICE,K-Pop,Mexico
97,La Mushasha Shula,Espinoza Paz,Regional Mexicano,Mexico
98,En El Radio Un Cochinero (feat. La Decima Banda) [Remix],"Victor Cibrian, Fuerza Regida,Luis R Conriquez",Regional Mexicano,Mexico
99,Si Fuera Fácil,Grupo Marca Registrada,Regional Mexicano,Mexico
100,Me Metí En El Ruedo,Luis R Conriquez,Regional Mexicano,Mexico
2,Zigge Zagge,René Le Blanc,Pop,Netherlands
3,Grijs,"Jaap Reesema,Beste Zangers",Pop,Netherlands
4,Diamant,Mart Hoogkamer,Pop,Netherlands
5,Ik Ben Zat en Wie Ben Jij,Helemaal Hollands,Pop,Netherlands
6,We Dansen Op De Mambo,Django Wagner,Pop,Netherlands
7,Toch Ging Het Fout,Henk Bernard,Pop,Netherlands
10,Schatje Wacht,Gino Graus,Pop,Netherlands
11,Gina,Robert Pater,Pop,Netherlands
12,Gi-Ga-Groen,Kinderen Voor Kinderen,Pop,Netherlands
13,Jij Bent De Zon (feat. JOP),Havenzangers,Pop,Netherlands
16,Klop Klop,Antoon,Pop,Netherlands
20,Ga Dan (Remix),Wesley Klein,Pop,Netherlands
21,Sweet Symphony (feat. Chris Stapleton),Joy Oladokun,"Singer,Songwriter",Netherlands
22,Multicolor,Son Mieux,Pop,Netherlands
24,Zigeunerjongen,Jeroen Van Zelst,Pop,Netherlands
26,Perfume,Sophia,"Singer,Songwriter",Netherlands
27,Ik Kan Je Niet Vergeten,Pascal Redeker,Pop,Netherlands
28,Laat Ons Samen Proosten,Marco de Hollander,Pop,Netherlands
29,90s Kid,DI-RECT,"Pop,Rock",Netherlands
31,Be Alright,Dean Lewis,"Singer,Songwriter",Netherlands
32,Automatisch,FLEMMING,"Singer,Songwriter",Netherlands
35,Je Denkt Alleen Maar Aan Jezelf,"Jeffrey Heesen,Brace",Pop,Netherlands
36,Love Myself,RONDÉ,Pop,Netherlands
37,Eén Groot Feest,"KidsPop,Monique Smit",Children's Music,Netherlands
38,Bright Eyes,RONDÉ,Pop,Netherlands
39,We Could Be Together,"Gabry Ponte, LUM!X,Daddy DJ",Dance,Netherlands
40,Best Damn Day,The Jordan,Pop,Netherlands
41,Ik Trip 'M,"Natte Visstick,Dikke Baap",Techno,Netherlands
43,I.O.U. (Dr Packer Extended Remix),Freeez,"R&B,Soul",Netherlands
47,I Want You,La Fuente,Dance,Netherlands
48,De Diepte,S10,Pop,Netherlands
49,Was! (feat. Kinoh & TAVV),"Sleazy Stereo, Afro Bros,Poke","Hip Hop,Rap",Netherlands
51,Through the Looking Glass,DI-RECT,"Pop,Rock",Netherlands
52,Viva Cerveza,Ferry De Lits,Pop,Netherlands
58,Het Leven Is Een Kermis,Marco Kanters,Pop,Netherlands
59,Van Mij Zijn,KATNUF,"Hip Hop,Rap",Netherlands
60,Alle Kamers,Monique Smit,Pop,Netherlands
63,Indische Waterlelies,Efteling,Children's Music,Netherlands
65,Bootje,"Antoon,Paul Sinha",Pop,Netherlands
68,Yeah the Girls (feat. MERYLL),FISHER,Dance,Netherlands
69,Ready For More,Krezip,Pop,Netherlands
70,One Last Time (feat. Enny-Mae),"VIZE,R3HAB",Dance,Netherlands
71,I Don't Like Myself,Imagine Dragons,Alternative,Netherlands
73,Mijn Moeder Het Water,Ricky Koole,Contemporary Country,Netherlands
74,Lady,Jaman,Pop,Netherlands
75,Vodoo Bar (B.S.O. Rainbow),Wekafore,Electronic,Netherlands
76,Love Like This,Nija,"R&B,Soul",Netherlands
77,Try,P!nk,Pop,Netherlands
78,In Your Arms,Chef'Special,Pop,Netherlands
80,Times Are Changing,DI-RECT,Rock,Netherlands
81,Lose Yourself (Soundtrack Version),Eminem,"Hip Hop,Rap",Netherlands
82,Stressed Out,twenty one pilots,Alternative,Netherlands
83,Ons Moeder Zeej Nog,Jan Biggel,World,Netherlands
86,De Ajax Marsch (Het Officiele Ajax Clublied),De Ajax Marsch,Pop,Netherlands
88,Black,Pearl Jam,Alternative,Netherlands
89,Bad Habits,Ed Sheeran,Pop,Netherlands
91,Kernkraft 400 (Original Radio Edit),Zombie Nation,Dance,Netherlands
92,Main Title,Ramin Djawadi,Soundtrack,Netherlands
93,Bobbel (feat. Jayh),Childsplay,Electronic,Netherlands
94,Power,"Hardwell,KSHMR",Dance,Netherlands
95,Losing It,FISHER,Dance,Netherlands
96,The Motto,"Tiësto,Ava Max",Dance,Netherlands
97,Hero,"Afrojack,David Guetta",Dance,Netherlands
98,Brothers In Arms,Dire Straits,Pop,Netherlands
100,Formula 1 Theme,Brian Tyler,Soundtrack,Netherlands
8,Pretty Violent,Blindspott,Rock,New Zealand
10,Bless the Broken Road,Rascal Flatts,Country,New Zealand
11,Overpass Graffiti,Ed Sheeran,Pop,New Zealand
13,Call Your Girlfriend (Sultan & Ned Remix),Robyn,Pop,New Zealand
14,Nothing Else Matters,Metallica,Heavy Metal,New Zealand
16,Bad Moon Rising,Creedence Clearwater Revival,Rock,New Zealand
18,Every Morning,Sugar Ray,Rock,New Zealand
23,motions,Mitch James,Pop,New Zealand
24,VISION,Dreamcatcher,K-Pop,New Zealand
27,Patient Number 9 (feat. Jeff Beck),Ozzy Osbourne,Heavy Metal,New Zealand
28,Blue (Flume Remix),"Eiffel 65,Flume",Electronic,New Zealand
29,Like Wooh Wooh,Rnbstylerz,Dance,New Zealand
30,Love Like a Fountain,Ian Brown,Pop,New Zealand
31,Hot In It,"Tiësto,Charli XCX",Dance,New Zealand
32,Ugly,Sugababes,Pop,New Zealand
33,Over and Over,Sylvester,Dance,New Zealand
34,Hold On (Change Is Coming) (feat. Shelby 5),Mr. Talkbox,"R&B,Soul",New Zealand
35,I Wanna Get Back With You (feat. Tori Amos),Tom Jones,Pop,New Zealand
36,Red Dress (Radio Edit),Sugababes,Pop,New Zealand
37,Anyway,Tori Kelly,Pop,New Zealand
38,Funny (Live),Tori Kelly,Pop,New Zealand
39,Where I Belong (Intro),Tori Kelly,Pop,New Zealand
40,Necro Hex Blues,Primal Scream,Alternative,New Zealand
41,Auckland Connect (feat. K.Kila),Stallyano,"Hip Hop,Rap",New Zealand
43,Beautiful LIE,TAN,K-Pop,New Zealand
44,Bye Bye,"Marshmello,Juice WRLD","Hip Hop,Rap",New Zealand
45,What If Love,UP10TION,K-Pop,New Zealand
46,Living Without You (Acoustic),"Sigala, David Guetta,Sam Ryder",Dance,New Zealand
47,Some Love,Dreamcatcher,K-Pop,New Zealand
48,Somebody (Acoustic),Sam Ryder,"Singer,Songwriter",New Zealand
49,Unholy (Disclosure Remix),"Sam Smith,Kim Petras",Dance,New Zealand
50,October Passed Me By,girl in red,Alternative,New Zealand
52,Love in C Minor (Dimitri From Paris Remix),Cerrone,Dance,New Zealand
53,Got to Have Lovin' (feat. Brendan Reilly),Cerrone,Dance,New Zealand
54,I’m The One,YoungBoy Never Broke Again,"Hip Hop,Rap",New Zealand
55,Der hellste Stern (Böhmischer Traum) [Xtreme Sound Remix],DJ Ötzi,German Pop,New Zealand
56,Waterfall,"Disclosure,RAYE",Dance,New Zealand
57,La La La,Ethan West,Dance,New Zealand
58,Perfect Cell Theme,Gin the Composer,Downtempo,New Zealand
59,Thula,"Lowsheen, Master KG,Nkosazana Daughter",Amapiano,New Zealand
60,Dreaming,"Gregory Isaacs, Top Secret Music,Masterkat",Reggae,New Zealand
61,Boss Up,Upchuck,Punk,New Zealand
62,I Want That Man,Debbie Harry,Rock,New Zealand
63,Thowy's Revenge,Benny the Butcher,"Hip Hop,Rap",New Zealand
64,你爱我坏 (DJ沈念版),小鬼阿秋,Electronic,New Zealand
65,Going Back to Bowenville (Slnk),"Stu Larsen,Natsuki Kurai","Singer,Songwriter",New Zealand
66,"Pomp and Circumstance March No. 1 in D Major, Op. 39","Mike Batt,Royal Philharmonic Orchestra",Classical,New Zealand
67,Damat Alam,Hany Mehanna,World,New Zealand
68,Golden Cage,Stéphane Pompougnac,Electronic,New Zealand
69,Mezmerized,Slum Science,Electronic,New Zealand
70,Wanna Make Love,Simon Hinter,Electronic,New Zealand
71,Conflict with Clayton,Cleanfield,Electronic,New Zealand
72,Vegeta Super Saiyan Theme,DDRMR,Heavy Metal,New Zealand
73,Goku Super Saiyan 3 Theme,DDRMR,Downtempo,New Zealand
74,Intro,Mayer Hawthorne,"R&B,Soul",New Zealand
75,Still In Love,Marc Antoine,Contemporary Jazz,New Zealand
76,In This World,"Shingai,DJ Lara Fraser","Singer,Songwriter",New Zealand
77,We Roll,Shingai,"R&B,Soul",New Zealand
78,Turning Heads,Shingai,"R&B,Soul",New Zealand
79,Courageous Grieving,Galen Tipton,Electronic,New Zealand
80,Call Your Girlfriend (Azari and III Remix),Robyn,Pop,New Zealand
81,Loma Bibi,Sea Domoni,Pop,New Zealand
82,Gohan's Anger Theme,DDRMR,Dubstep,New Zealand
83,The Wombling Song,The Wombles,Pop,New Zealand
84,Electrofreek (Epic Mix) [feat. Libby Picken] [Remastered],John B,Dance,New Zealand
85,Falling Down,Pearl Jam,Rock,New Zealand
86,Zimtron,Shingai,Pop,New Zealand
87,Coming Home,Shingai,Pop,New Zealand
88,PiSk Swing,"Robert Edwards, Little Violet,Pisk",Electronic,New Zealand
89,Rumor Has It,Reba McEntire,Country,New Zealand
90,Lutudromu Tu,Via Ni Tebara Serenaders,Pop,New Zealand
91,Since You Been Gone,Russ Ballard,Rock,New Zealand
92,Mam Dosc,Kryzys,New Wave,New Zealand
93,Don't Say Nothing,The Heavy,Rock,New Zealand
94,Just My Luck,The Heavy,Rock,New Zealand
95,Ecce Puer  (Live),Apollonia Vanova,Children's Music,New Zealand
96,Inside My Soul (Morten Trust Dub) [feat. Heidi Levo],Danism,Dance,New Zealand
97,Happy (Oktoberfest Mix),Pharrell Williams,Pop,New Zealand
98,Somebody That I Used to Know (feat. Kimbra),Gotye,Alternative,New Zealand
100,Royals,Lorde,Alternative,New Zealand
4,BlimE! - Den Ene,Selma Ibrahim,Children's Music,Norway
5,OMG,"Broiler,Sofiloud",Dance,Norway
6,I Started a Joke,Bee Gees,Pop,Norway
8,Só Danço Samba,"Stan Getz,Luiz Bonfá",Jazz,Norway
9,Strongest,Ina Wroldsen,Pop,Norway
10,Jeg glemmer deg aldri (fra Rådebank),Emma Steinbakken,Pop,Norway
12,Kjøpe Hele Sverige,Soppgirobygget,Dance,Norway
14,åtte shots (feat. Papito MIERDA),Broiler,Dance,Norway
15,Big Banana (feat. R3hab & Prophet),Havana Brown,Pop,Norway
16,Attention,NewJeans,K-Pop,Norway
17,Always Lonely,Celine Lunder,Pop,Norway
18,How Does It Make You Feel? (2021 Remastered),Air,Electronic,Norway
19,Bonfa Nova,Luiz Bonfá,Brazilian,Norway
20,Ihmisen muotoinen,Jannika B,Pop,Norway
22,Be My Birthday,HA HYUN SANG,TV Soundtrack,Norway
23,Last Night All Day,Sean Stemaly,Country,Norway
25,Só Danço Samba (Remastered),Joao Donato,Bossa Nova,Norway
26,Khooneye Arezoo,Moein,World,Norway
27,Devils Angels,Unloved,Alternative,Norway
28,The Fox (What Does the Fox Say?),Ylvis,Pop,Norway
29,Sjørøverne Kommer,Terje Formoe,Music,Norway
30,Tougher Than the Rest,Bruce Springsteen,Rock,Norway
31,(I've Had) The Time of My Life,"Bill Medley,Jennifer Warnes",Soundtrack,Norway
32,Rett Opp Og Ned,Lars Vaular,Rap,Norway
33,Dans På Bordet,"Ballinciaga,David Mokel",Pop,Norway
36,Words,"Alesso,Zara Larsson",Dance,Norway
37,SØR-AFRIKA,"Beathoven,Capow x 2G",Pop,Norway
38,Mambo No. 5 (a Little Bit of...),Lou Bega,Pop,Norway
39,Weightless,Marconi Union,Electronic,Norway
42,Unwritten,Natasha Bedingfield,Pop,Norway
43,STAY KEEG,"Beathoven,Henrik von Grogg",Pop,Norway
45,Ramenez la coupe à la maison,Vegedream,"R&B,Soul",Norway
46,Hele Norge Danser (selv om ingen av oss kan),Staysman,Pop,Norway
47,Can You Feel the Love Tonight,Elton John,Musicals,Norway
48,Freeze,Kygo,Dance,Norway
49,Tout l'univers,Gjon's Tears,French Pop,Norway
50,Love Tonight (Robin Schulz Remix),"Shouse,Robin Schulz",Dance,Norway
51,Só Danço Samba (feat. Antônio Carlos Jobim) [Stereo Version],"Stan Getz,João Gilberto",Jazz,Norway
52,Prophecy,Fields of the Nephilim,Goth Rock,Norway
53,Who U R,Ross Lynch,Soundtrack,Norway
54,Gban-Gban,Alpha Blondy,Reggae,Norway
55,All the Devil's Toys,Deathstars,Heavy Metal,Norway
56,New Dead Nation,Deathstars,Heavy Metal,Norway
57,Sweet Caroline (2006 Remaster),Blodwyn Pig,Blues,Norway
58,Snoop,Jey Kurmis,House,Norway
59,To Be Loved By You,Parker McCollum,Country,Norway
60,Zaopiekuj się mną,Rezerwat,Rock,Norway
61,VTr,The Twilight Sad,Alternative,Norway
62,Act Like You Don't,Brooke Eden,Country,Norway
63,Ye Banks and Braes O'bonnie Doon,Eddi Reader,Rock,Norway
64,Bowling,Jim Gaffigan,Comedy,Norway
65,Cherish the Day,Ethyène,Disco,Norway
66,Touch,Big Wild,Alternative,Norway
67,Looking Glass,Simon Miljeteig,Pop,Norway
68,I Need You Tonight,Punkin' Machine,"R&B,Soul",Norway
69,Eyes of a Stranger,Queensrÿche,Heavy Metal,Norway
70,"Rigoletto, Act I, Scene 2: Gualtier Maldè ...Caro nome","Tullio Serafin, Orchestra del Teatro alla Scala di Milano, Carlo Forti, Mario Borriello, William Dickie,Maria Callas",Classical,Norway
71,THE NEXT EPISODE,RICKO BIAF,World,Norway
72,Rain on Rooftop (Loopable),Rain Sounds Sleep,Nature,Norway
73,Bielzinho / Bielzinho (Xinobi Extended Remix),O Terno,House,Norway
74,A Part Of (Extended Mix),Larse,Dance,Norway
75,He Thinks That I'm Nice,Naomi Munn,Pop,Norway
76,Age,Hazy Morning,Rock,Norway
77,30 Strings,"Vibronics,Lance Hume",Dub,Norway
78,Drift,"Seiren, Top Brahman,Ina Bravo",Dance,Norway
79,Alphabet Lore (A-Z...),Googloid,House,Norway
80,Некуда бежать,NЮ,Pop,Norway
82,La Schmoove,"Klikkmonopolet,Roc Meiniac",Pop,Norway
83,Kateus,Erika Vikman,Pop,Norway
84,fmk (nicer) [with blackbear],GAYLE,Pop,Norway
85,Highrise (feat. Michie One),Pama International,Reggae,Norway
86,Key To All Your Love,Summer Vee,"R&B,Soul",Norway
87,Beyaz Geceler,Seyyad Elizade,Pop,Norway
88,Sacred Rites,Monks Temple Meditation,Meditation,Norway
89,Play Only at Night,Kurtiss,Dance,Norway
90,Animal,PIGS,Rock,Norway
91,Mainstream,Hollen,Dance,Norway
92,"Come On, Baby","Mark Farina,Homero Espinosa",Electronic,Norway
93,Downtown,Sally C,Dance,Norway
94,Smooth,Connor Price,Pop,Norway
95,FREAKY (Hakeslipp 2023),Yung Slippy,Pop,Norway
96,Fra så bra til såra,Lyse Netter,Indie Pop,Norway
97,Head Up,The Score,Alternative,Norway
98,Victorious,The Score,Alternative,Norway
99,Good 4 U (Originally Performed By Olivia Rodrigo) [Instrumental],Singer's Edge Karaoke,Karaoke,Norway
100,Girl (Piano Solo),SYML,Alternative,Norway
1,Lie,BTS,K-Pop,Philippines
2,Your voice,iKON,K-Pop,Philippines
5,bring me back,"James Reid,CARELESS",Pop,Philippines
6,cali lovin,"James Reid,CARELESS",Pop,Philippines
8,stay,"James Reid,CARELESS",Pop,Philippines
9,chasin,"James Reid,CARELESS",Pop,Philippines
10,fallin,"James Reid,CARELESS",Pop,Philippines
11,"One late night in 1994 (from ""You Hee yul's Sketchbook : 74th Voice 'Sketchbook X Jong Ho(ATEEZ)', Vol.113"")",종호,K-Pop,Philippines
12,spotlight,"James Reid,CARELESS",Pop,Philippines
13,lie to me (feat. Destiny Rogers),"James Reid,CARELESS",Pop,Philippines
14,hold on tight (feat. WOOSUNG),"James Reid,CARELESS",Pop,Philippines
15,always been you,"James Reid,CARELESS",Pop,Philippines
16,Angel Baby,Troye Sivan,Pop,Philippines
17,Shut Down,BLACKPINK,K-Pop,Philippines
19,u & i,"James Reid,CARELESS",Pop,Philippines
21,I'll throw it away (ver. DISCO),Moon Byul,K-Pop,Philippines
23,Ikaw Lang,Nobita,Pop,Philippines
25,Intro (Back to Basics),Christina Aguilera,Pop,Philippines
26,Cardboard Box (Happi Remix),"FLO,Happi","R&B,Soul",Philippines
27,BLOCK PARTY,RAVI,"Hip Hop,Rap",Philippines
28,HELLO,TREASURE,K-Pop,Philippines
29,Sun and Moon,Anees,Pop,Philippines
31,Run BTS,BTS,K-Pop,Philippines
32,WYAT (Where You At),SB19,Pop,Philippines
34,L.I.E.C,MAMAMOO,K-Pop,Philippines
36,Ever After,Bonnie Bailey,Pop,Philippines
38,Leave Before You Love Me,"Marshmello,Jonas Brothers",Pop,Philippines
39,THE SHADE,Rex Orange County,Alternative,Philippines
41,Shinunoga E-Wa,Fujii Kaze,J-Pop,Philippines
42,Smile Again,Darren Espanto,Pop,Philippines
43,Carino Brutal,Slapshock,Rock,Philippines
44,Payakap,"Asher Aguilon,Aljay",Dance,Philippines
45,babalik sa'yo (live),Moira Dela Torre,"Singer,Songwriter",Philippines
46,Meet me at midnight,Taylor Swift,Pop,Philippines
47,Amaiphone,Jashmir,Dance,Philippines
48,Back To the Beginning,Jace Roque,Pop,Philippines
49,Gotham's Reckoning,Hans Zimmer,Pop,Philippines
50,Music Box,Eminem,"Hip Hop,Rap",Philippines
51,Reason for being (CD3),"BaeDaHae,RYEOWOOK",Soundtrack,Philippines
52,This scary story (CD3),"BaeDaHae,RYEOWOOK",Soundtrack,Philippines
53,Where is my life.. (CD3),RYEOWOOK,Soundtrack,Philippines
54,Live Up To Your Name,Danny Gokey,Christian & Gospel,Philippines
56,Swan Upon Leda,Hozier,Alternative,Philippines
57,Daygrooves,"yuhei miura,Kazuki Isogai",Instrumental,Philippines
58,Change and Vanish (feat. mei ehara),Cornelius,Alternative,Philippines
59,Vlog Music,HitsLab,Pop,Philippines
60,Vacation,BƱBBLE,"Hip Hop,Rap",Philippines
61,Cold Brew Coffee,"Yestalgia,Bad Room Producer","Hip Hop,Rap",Philippines
62,Im Ride My Chevy,YEROM DOPE,"Hip Hop,Rap",Philippines
63,Pandora,"Ningen,Pointy Features",Instrumental,Philippines
64,Soft Science,"Pearl,The Oysters,Tseng Kuo Hung",Indie Pop,Philippines
65,Sideways,Jake Fine,"R&B,Soul",Philippines
66,Night City,Kind Puppy,"Hip Hop,Rap",Philippines
67,Crying,Toshiki Soejima,"R&B,Soul",Philippines
68,Daydreaming,Ruben Wan,"R&B,Soul",Philippines
69,Feeling,Ichika Nito,Instrumental,Philippines
70,When There's Nothing Else,"LeVirya,Broey.","Hip Hop,Rap",Philippines
71,Larkspur,Harris Cole,"Hip Hop,Rap",Philippines
72,Back to Basics (Looper Version),Seiji Igusa,Instrumental,Philippines
73,No Sleep,Daniel Ryn,Alternative,Philippines
74,Whistlin',Cloudchord,"Hip Hop,Rap",Philippines
75,Lovers Game,Abraham Alexander,"R&B,Soul",Philippines
76,Cubans In Darkes Lane,Darkes Obispo,House,Philippines
77,"Maybe Tomorrow (Theme from ""the Littlest Hobo"")","F,M",Alternative Folk,Philippines
78,Ordinary Life,Simple Plan,Pop,Philippines
79,Hungry Like the Wolf (Live At the Beacon Theater),Duran Duran,Pop,Philippines
80,Pathetique Adagio Cantabile,Relaxing Piano Music,Instrumental,Philippines
81,Dynamite (Slow Jam Remix),BTS,K-Pop,Philippines
82,Butter (Sweeter Remix),BTS,K-Pop,Philippines
84,Thinking Out Loud,Ed Sheeran,Pop,Philippines
85,Just Give Me a Reason (feat. Nate Ruess),P!nk,Pop,Philippines
86,Closer (feat. Halsey),The Chainsmokers,Dance,Philippines
87,Roar,Katy Perry,Pop,Philippines
89,Treasure,Bruno Mars,Pop,Philippines
90,Blank Space,Taylor Swift,Pop,Philippines
92,Versace On The Floor,Bruno Mars,Pop,Philippines
96,Let It Go,Idina Menzel,Soundtrack,Philippines
97,Shake It Off,Taylor Swift,Pop,Philippines
98,Clarity (feat. Foxes),Zedd,Dance,Philippines
2,To co masz Ty!,Dawid Podsiadło,Pop,Poland
3,Still (I Got Summer On My Mind) [FORTELLA Remix],J.J.,Dance,Poland
7,"O nich, o Tobie",Sylwia Grzeszczak,Pop,Poland
12,Eldorado,"sanah,Daria Zawiałow",Pop,Poland
13,Careless Whisper,"ANTH, Conor Maynard,Corey Nyell","Hip Hop,Rap",Poland
14,Only Love Can Hurt Like This,Paloma Faith,Pop,Poland
17,Serendipity (Full Length Edition),BTS,K-Pop,Poland
19,Melodia Ta,Doda,Pop,Poland
20,Wyglądasz Idealnie,Skolim,Pop,Poland
21,Piękny Świat,"Gibbs,Kiełas","Hip Hop,Rap",Poland
22,Czekam Na Znak,Ignacy,Pop,Poland
23,Jeszcze Będzie Pięknie,B.R.O,Pop,Poland
24,Jestem Poj384ny,Mata,"Hip Hop,Rap",Poland
25,Kiedyś do Ciebie wrócę,Agnieszka Chylińska,Rock,Poland
29,Lowkey,"Daria,Pelican",Dance,Poland
31,Now We Are Free,"Lisa Gerrard, Gavin Greenaway, The Lyndhurst Orchestra, Bruce Fowler, Yvonne S. Moriarty, Walt Fowler, Ladd McIntosh, Elizabeth Finch, Jack Smalley,Hans Zimmer",Soundtrack,Poland
32,Syreny,Artur Rojek,Indie Pop,Poland
35,ten Stan,sanah,Pop,Poland
36,Fear of the Dark,Iron Maiden,Heavy Metal,Poland
37,Waiting All Night (feat. Ella Eyre),Rudimental,Dance,Poland
38,Do Tanca,"Malik Montana,Żabson","Hip Hop,Rap",Poland
41,Kiss me Baby,Skolim,Pop,Poland
44,Falstart Albo Faul,Daria ze Śląska,Alternative,Poland
45,Pogo,"Kizo,Oki",Hip-Hop,Poland
47,Clap Clap (Extended),"Gran Error, Elvana Gjata,Antonia",Pop,Poland
48,Hungry (For Love),LF SYSTEM,Dance,Poland
49,Danielle (smile on my face),Fred again..,Electronic,Poland
51,October,Adrián Berenguer,Instrumental,Poland
52,Azur,Troels Hammer,Electronic,Poland
53,Sunroof (24kGoldn Remix),"Nicky Youre, Dazy,24kGoldn",Pop,Poland
54,SNAP (Acoustic),Rosa Linn,Indie Pop,Poland
55,Joker,BARANOVSKI,Pop,Poland
57,Für immer jung (feat. Karel Gott),Bushido,Rap,Poland
58,Transphobic Techno (Bitch Got a Penis),Your Favorite Martian,Comedy,Poland
59,the return of the drunken son,Vladimir Dubyshkin,Electronic,Poland
60,Freeze All Motor Functions,Ramin Djawadi,Soundtrack,Poland
61,Heart Speak (feat. TOKA-J),Dzeko,Dance,Poland
62,Секрет,"Kristina Si,Skrudzhi","R&B,Soul",Poland
63,Одинокая птица,Nautilus Pompilius,Rock,Poland
64,NA KRAŃCU ŚWIATA (feat. Kuqe 2115),"2115, Bedoes,White 2115","Hip Hop,Rap",Poland
65,Idea 10,Gibran Alcocer,Easy Listening,Poland
66,Niedaleko stąd,Alicja Majewska,Pop,Poland
67,Bifrost,Ummet Ozcan,Dance,Poland
68,Swim Deep (feat. Jordan Wayne),"Yade Lauren, Cho,Kevin",Pop,Poland
69,Boundaries,Jamila Woods,"R&B,Soul",Poland
70,Sexy Papi (feat. Sandra S),Denis,Pop,Poland
71,The Waffenträger: Legacy (feat. Shuma) [Synthwave Remix],"WoT Music Team,Andrey Kulik",Soundtrack,Poland
72,The Waffenträger: Legacy (feat. Shuma) [Extended Version],"WoT Music Team,Andrey Kulik",Soundtrack,Poland
74,Fell Good,OldPlay,Electronic,Poland
75,Hit My Line,Chris Brown,"R&B,Soul",Poland
76,Call Me Every Day (feat. Wizkid),Chris Brown,"R&B,Soul",Poland
78,Walk The Night,Skatt Bros,Pop,Poland
79,Jobi,Seb Wildblood,House,Poland
81,Suffer In the Dark,I-K-O,Electronic,Poland
82,russian porn magazine,Vladimir Dubyshkin,Electronic,Poland
83,Medulla,Bad Boombox,Techno,Poland
84,Zerüttung,Krachkonvolut,Hardcore,Poland
85,Evil Queen (Stan Christ Remix),Frank Spector,Electronic,Poland
86,Weź Pigułkę,Lipski,"Hip Hop,Rap",Poland
87,will-ill,TK from Ling tosite sigure,Rock,Poland
88,Questions,Solkatt,Electronic,Poland
89,I'm Just a Girl,Cassidy Mackenzie,Alternative,Poland
90,Seria Perfecto (Salsa),Laritza Bacallao,Salsa y Tropical,Poland
91,Genshin Impact Main Theme,Chewie Melodies,Instrumental,Poland
92,Once Upon a December (Piano Cover),Emilee Hartley,Instrumental,Poland
93,Charreada,Folklor America,Folk,Poland
94,Bienvenidos (feat. Boom-Bap Beak),"Solitario Soldado,Electra","Hip Hop,Rap",Poland
95,Starkiller,"ROBPM,MOTVS",Techno,Poland
96,Nummer (feat. RAF Camora),Ufo361,"Hip Hop,Rap",Poland
97,Dolphins Make Me Cry,Martyn Joseph,"Singer,Songwriter",Poland
98,High Upon This Love (1998 Dionne Sings Dionne version),Dionne Warwick,"R&B,Soul",Poland
99,Time and Time Again (Megara vs DJ Lee Remix),Fragma,Techno,Poland
100,Love,"Sync Diversity,Novaspace",Trance,Poland
1,SETE (feat. Young Stunna & Blxckie),K.O,"Hip Hop,Rap",South Africa
3,Hamba Wena,"Deep London,Boohle",Amapiano,South Africa
4,All In You (feat. Kemy Chienda),Senior Oat,Dance,South Africa
5,Crazy Vibez,Luxury SA,Dance,South Africa
6,Last Last,Burna Boy,World,South Africa
7,Lemons (Lemonade),"AKA,Nasty C","Hip Hop,Rap",South Africa
10,Bietjie Benoni,Lianie May,Afrikaans,South Africa
13,Sengizwile (feat. Aymos & Young Stunna),Mas Musiq,Amapiano,South Africa
14,"GOD DID (feat. Rick Ross, Lil Wayne, JAY-Z, John Legend & Fridayy)",DJ Khaled,"Hip Hop,Rap",South Africa
15,Rush,Ayra Starr,World,South Africa
18,Ngixolele (feat. Boohle),Busta 929,Dance,South Africa
19,Rescue,Lauren Daigle,Christian & Gospel,South Africa
20,Ithuba (feat. Siya Ntuli),Lwah Ndlunkulu,Afro-Pop,South Africa
22,Buga (Lo Lo Lo),"Kizz Daniel,Tekno",African,South Africa
24,"Iy’ntsimbi Zase Envy (feat. Busta 929, Beast Rsa & Dladla Mshunqisi)","Reece Madlisa,Zuma",Dance,South Africa
26,Khusela (feat. Msaki),Kabza De Small,Amapiano,South Africa
27,Healer Ntliziyo Yam (feat. Russell Zuma),"Gaba Cannal,George Lesley",Amapiano,South Africa
28,Ngilinde (feat. Mango SA),YANII,Dance,South Africa
29,The Fxckin Injury (feat. Mellow & Sleazy & DJ SOL K),Jay Music,Dance,South Africa
30,Ophou,Karlien Van Jaarsveld,Afrikaans,South Africa
31,Khanda Liyazula (feat. Mthunzi & Sino Msolo),De Mthuda,Dance,South Africa
32,Love Me Again,"Micah Da Music,Mosh Kay",Electronica,South Africa
33,Halloween,JP Ashkar,"Singer,Songwriter",South Africa
35,You Say,Lauren Daigle,Christian & Gospel,South Africa
37,"Glory (From the Motion Picture ""Selma"")","Common,John Legend",Soundtrack,South Africa
38,Raise a Hallelujah (Live),"Bethel Music, Jonathan David Helser,Melissa Helser",Christian & Gospel,South Africa
39,Someone You Loved,Lewis Capaldi,Alternative,South Africa
40,Asibe Happy,"Kabza De Small, DJ Maphorisa,Ami Faku",Amapiano,South Africa
41,Clocks,Coldplay,Alternative,South Africa
43,Breaking Me,"Topic,A7S",Dance,South Africa
44,Ndenzel' Uncedo Hymn 377 (Live),Joyous Celebration,Gospel,South Africa
45,I Get to Love You,Ruelle,"Singer,Songwriter",South Africa
46,Goodness of God (Live),CeCe Winans,Christian & Gospel,South Africa
50,Selema (Po Po),"Musa Keys,Loui",Dance,South Africa
51,Lovefool,twocolors,Dance,South Africa
53,Nkantin (feat. Bailey & Emjaykeyz),"MacG,Sir Trill",Amapiano,South Africa
55,MaGear,"Makhadzi,Mr Brown",Dance,South Africa
56,It's Plenty,Burna Boy,World,South Africa
57,Someone to Hold,Trey Lorenz,"R&B,Soul",South Africa
58,Witblits,Eloff,Afrikaans,South Africa
59,Izulu,Sneziey,Christian & Gospel,South Africa
60,Manca,"Felo Le Tee,Toss",Amapiano,South Africa
61,I Speak Jesus (feat. Steven Musso),Charity Gayle,Christian & Gospel,South Africa
63,Saggies (feat. Young King the Vocalist),Temple Boys Cpt,Dance,South Africa
64,(Everything I Do) I Do It for You,Bryan Adams,Rock,South Africa
66,"Alusafani (feat. Xowla, Mduduzi Ncube & Big Zulu)",Q Twins,Afro-Pop,South Africa
69,Please Forgive Me,Bryan Adams,Rock,South Africa
70,Inja Endlini,Skweletu,Alternative,South Africa
73,Insomnia,Brendan Peyper,Afrikaans,South Africa
74,Soen My Op My Mond (Uit Die Gelofte Musiekblyspel),"Bernice West,Ilán van Staden",Afrikaans,South Africa
75,ISGAXA (Radio Edit),"Beast Rsa,LuuDadeejay",Amapiano,South Africa
77,Hallelujah Nkateko (Lihle's Version),Joyous Celebration,Christian & Gospel,South Africa
78,With or Without You,U2,Rock,South Africa
79,Never Enough,Loren Allred,Soundtrack,South Africa
80,Good Good Father,Chris Tomlin,Christian & Gospel,South Africa
81,You Raise Me Up,Josh Groban,Vocal,South Africa
84,"Umsebenzi Wethu (feat. Zuma, Mr JazziQ, Lady Du & Reece Madlisa)","Busta 929,Mpura",Dance,South Africa
85,"Don't Give Up On Me (From ""Five Feet Apart"")",Andy Grammer,Pop,South Africa
87,I Still Haven't Found What I'm Looking For,U2,Rock,South Africa
88,John Wick (feat. Sir Trill & Da Muziqal Chef),De Mthuda,Dance,South Africa
89,Siyathandana (feat. Abidoza & Boohle),Cassper Nyovest,Dance,South Africa
90,lovely,"Billie Eilish,Khalid",Pop,South Africa
91,Sofa Silahlane (feat. Nkosazana Daughter),"Wanitwa Mos, Master KG,Lowsheen",Dance,South Africa
92,Mamela,Mi Casa,Afro-Pop,South Africa
93,Cover Me In Sunshine,"P!nk,Willow Sage Hart",Pop,South Africa
95,Bleeding Love,Leona Lewis,"R&B,Soul",South Africa
96,Paris (feat. Afriikan Papi),"Q-Mark,TpZee",Dance,South Africa
97,Dagdrome in Suburbia (feat. Spoegwolf),Francois van Coke,Rock,South Africa
98,when the party's over,Billie Eilish,Alternative,South Africa
99,The Only Reason,JP Cooper,"Singer,Songwriter",South Africa
100,Rise,Calum Scott,Pop,South Africa
5,mariposas,"Sangiovanni,Aitana","Hip Hop,Rap",Spain
9,LAS 12,"Ana Mena,Belinda",Pop,Spain
10,Tacones Rojos,Sebastián Yatra,Pop in Spanish,Spain
16,la raíz,Valeria Castro,Pop,Spain
18,Un poco todo,Fangoria,Electronica,Spain
20,El Pañuelo,"Romeo Santos,ROSALÍA",Latin,Spain
21,Disfruto,Carla Morrison,Pop,Spain
22,MAMIII,"Becky G.,KAROL G",Latin,Spain
23,Hay Que Vivir El Momento,Manuel Carrasco,Pop in Spanish,Spain
24,Una y Mil Veces,"Omar Montes,C. Tangana",Latin Urban,Spain
25,Himno de España (Acto Oficial),Legión Española,World,Spain
26,Sin Carné,Bad Gyal,Latin Urban,Spain
27,Risa,"BAMBI,Alba Reche",Pop in Spanish,Spain
32,Vida de Rico,Camilo,Pop in Spanish,Spain
34,Creo en Mí,Natalia Jiménez,Pop in Spanish,Spain
35,23,Morat,Pop in Spanish,Spain
36,Canciones de Amor a Ti,Rigoberta Bandini,Pop,Spain
38,Feliz,Chimbala,Latin,Spain
40,Vista Al Mar,Quevedo,Latin Urban,Spain
41,Non Succederà Più (Remastered),"Claudia Mori,Adriano Celentano",Pop,Spain
43,A TI MUJER,India Martínez,Pop in Spanish,Spain
45,Changes (FAUL & WAD AD vs. PNAU) [Pretty Pink Remix],"Faul,Wad,PNAU",Dance,Spain
46,Chandelier,Sia,Pop,Spain
48,Wrecking Ball,Miley Cyrus,Pop,Spain
49,Burn,Ellie Goulding,Pop,Spain
50,Qué Bonito Es Querer,Manuel Carrasco,Pop,Spain
51,Vivir (with Estopa),Rozalén,Pop,Spain
53,Mi Persona Favorita,"Alejandro Sanz,Camila Cabello",Pop in Spanish,Spain
55,Pájaros de Barro,Manolo García,Pop in Spanish,Spain
57,Sirenas,Taburete,Pop,Spain
59,Princesas,Pereza,Alternative & Rock in Spanish,Spain
61,De Ellos Aprendí,David Rees,Pop,Spain
62,Ay Mamá,Rigoberta Bandini,Pop,Spain
65,Música Ligera,Ana Mena,Pop,Spain
68,El Viaje,Conchita,Pop,Spain
69,Thriller,Michael Jackson,Pop,Spain
70,El Fin del Mundo (feat. Axolotes Mexicanos),La La Love You,Alternative,Spain
72,Libertad,Nil Moliner,Pop,Spain
73,Quiero Decirte,"Abraham Mateo,Ana Mena",Pop,Spain
74,La Playa,La Oreja de Van Gogh,Alternative & Rock in Spanish,Spain
75,La Niña de la Escuela,"Lola Índigo, TINI,Belinda",Latin Urban,Spain
78,Coquito,Manuel Carrasco,Pop,Spain
79,Enjoy the Silence,Depeche Mode,Pop,Spain
80,Dile a los demás,Dani Fernández,Pop,Spain
81,Losing My Religion (feat. Polina Vita),"Ian Storm, John Laurant,Carl Clarks",Dance,Spain
84,Gente Luminosa,El Arrebato,Pop in Spanish,Spain
85,La Gent Que Estimo,"OQUES GRASSES,Rita Payés",Pop,Spain
87,Disfruto (Audioiko Remix),"Carla Morrison,Audioiko",Dance,Spain
89,Bongo Cha Cha Cha,Goodboys,Dance,Spain
91,DISCOTEKA,"Lola Índigo,Maria Becerra",Latin Urban,Spain
92,La Muerte No Es el Final,Banda de la Marina,Soundtrack,Spain
93,Otra Vez,Aitana,Pop in Spanish,Spain
94,Las Cosas Pequeñitas,Marta Santos,Pop,Spain
97,In da Club,50 Cent,"Hip Hop,Rap",Spain
98,I Wanna Dance With Somebody,Whitney Houston,Pop,Spain
99,I AM WOMAN,Emmy Meli,Pop,Spain
2,BUBBEL PÅ BALKONGEN,"Elov,Beny,Sofie Svensson,Dom Där",Pop,Sweden
3,Banan Melon Kiwi & Citron,Hooja,Pop,Sweden
6,Din tid kommer (Otto Knows Remix),Håkan Hellström,Pop,Sweden
10,Fields of Gold,Eva Cassidy,"Singer,Songwriter",Sweden
11,FÖRSENT,"Yei Gonzalez, Greekazo,1.Cuz","Hip Hop,Rap",Sweden
13,Mer & Mer,Hooja,Pop,Sweden
15,SEVILLA,Thrife,"Hip Hop,Rap",Sweden
16,The Only Man On The Island,Sven-Ingvars,Pop,Sweden
18,The Final Countdown,Europe,Hard Rock,Sweden
19,X,Miss Li,Pop,Sweden
20,Fly Away,Lenny Kravitz,Rock,Sweden
21,Sail,AWOLNATION,Alternative,Sweden
22,Blue Monday,New Order,Alternative,Sweden
23,I Follow Rivers (The Magician Remix),Lykke Li,Indie Rock,Sweden
24,Kan Inte Gå,Bolaget,Pop,Sweden
25,Sexy Bitch (feat. Akon),"David Guetta,Akon",Dance,Sweden
26,Välkommen Åter,"Hanna Ferm,Junie",Pop,Sweden
28,Vi:et i vinsten,Molly Sandén,Pop,Sweden
29,Changes (feat. Talent),2Pac,"Hip Hop,Rap",Sweden
31,Mo Money Mo Problems (feat. Ma$e & Puff Daddy),The Notorious B.I.G.,"Hip Hop,Rap",Sweden
32,Går det bra?,Hooja,Pop,Sweden
33,Anthem,Tommy Körberg,Musicals,Sweden
34,Donkey Kong,Hooja,Dance,Sweden
35,Lilla Nisse,Einár,"Hip Hop,Rap",Sweden
38,RID MIG SOM EN DALAHÄST,"Rasmus Gozzi,FRÖKEN SNUSK",Dance,Sweden
39,Enter Sandman,Metallica,Heavy Metal,Sweden
40,Är det kärlek du behöver (N!NE EPA Remix),Lasse Stefanz,Pop,Sweden
42,Fingrarna I Halsen,Bolaget,Pop,Sweden
43,Turn On The Lights again.. (feat. Future),"Fred again..,Swedish House Mafia",Electronic,Sweden
45,Pink + White,Frank Ocean,Pop,Sweden
46,Let Me Blow Ya Mind (feat. Gwen Stefani),Eve,"Hip Hop,Rap",Sweden
48,Chit Chat,"Denz,Youzie","Hip Hop,Rap",Sweden
49,Holiday,KSI,Pop,Sweden
50,Unholy (Remix),ROSE BEAT,Pop,Sweden
51,PRIMADONNA,Beathoven,Pop,Sweden
52,Där Rosor Aldrig Dör,Ingmar Nordström,Pop,Sweden
53,Rock It,Sub Focus,Electronic,Sweden
54,Compliance,Muse,Alternative,Sweden
55,Goodbye Lenin!,Yann Tiersen,Pop,Sweden
56,You Make Me Feel Like It’s Halloween,Muse,Alternative,Sweden
57,Kansas City,Brenda Lee,Pop,Sweden
58,Falling Down (Vince Clarke Remix),"Space Cowboy,Chelsea",Electronic,Sweden
59,Knockin' on Heaven's Door,Blakwall,Alternative,Sweden
60,Take Me Away (feat. Ruby Prophet) [Extended Mix],"Da Tweekaz,Sound Rush",Dance,Sweden
61,Sun Sun,Reuben Vaun Smith,Electronic,Sweden
62,Swimming with the Crocodiles,The Veils,Alternative,Sweden
63,Real Thing,Sugababes,Pop,Sweden
64,Listen to the Grass Grow (feat. Gwyneth Glyn) [Vocal Version],"Catrin Finch,Seckou Keita",World,Sweden
65,Pistol In My Pocket (Vince Clarke Erasure Mix),Lanah P,Pop,Sweden
66,"Kåt, glad & tacksam",BlackJack,World,Sweden
67,Have Fi Get Yu Tonight,Buju Banton,Reggae,Sweden
68,Clarity (feat. XCEPTION) [Extended Mix],Da Tweekaz,Dance,Sweden
69,Lazarus Taxon (Vince Clarke Remix),Kidnap,Dance,Sweden
70,Out of the Shadows (Extended Mix),"Da Tweekaz, Hard Driver,Coone",Dance,Sweden
71,The Nights (feat. Citycreed),City Sessions,Pop,Sweden
72,Anything (Extended Mix),"Da Tweekaz,D-Sturb",Dance,Sweden
73,The Patriarchy,Buffering the Vampire Slayer,Alternative,Sweden
74,Get There,Paris Blohm,Dance,Sweden
75,Empire,Alvita,Dance,Sweden
76,Veloma,Fabrizio Paterlini,Contemporary Era,Sweden
77,Get Off Freestyle (feat. Giggs),Jucee Froot,"Hip Hop,Rap",Sweden
78,Juggin,"Rimzee, Tiggs Da Author,Giggs","Hip Hop,Rap",Sweden
79,How Long Will I Love You,Ellie Goulding,Pop,Sweden
80,Breakdown Days (Bonus Track),White Lies,Alternative,Sweden
81,Night Life (Slowed),T3NZU,Dance,Sweden
82,Ovunque andrò,Kobato,Pop,Sweden
83,If I Had a Dream,Logic Bomb,Trance,Sweden
84,Grand Mal Seizure,Logic Flux,Trance,Sweden
85,土曜日のわたしたちは,LiSA,J-Pop,Sweden
86,Start the Ride (TWOGOOD Remix),"Fort Knox Five,Lazy Syrup Orchestra",Dance,Sweden
87,Angel Dust (Extended Mix),"Teenage Mutants, Heerhorst,PETER PAHN",Electronic,Sweden
88,AA Side Single,"Brooklyn Funk Essentials,Alison Limerick","R&B,Soul",Sweden
89,Botella,Esme,Salsa y Tropical,Sweden
90,"Very Fine, Pts. 1 & 2",Neal Francis,Rock,Sweden
91,Hypnotise,The Allergies,Electronic,Sweden
92,Traitors,Saveus,Pop,Sweden
93,Despecha (Instrumental),Jeison Music,Latin,Sweden
94,Olvidame,Its-Chris,Latin,Sweden
95,My Everything (feat. Marce Smith) [Daniel Rateuke Remix],Bartella,House,Sweden
96,como antes (feat. Rina B),"DJ Ramon,Kasualty",Latin,Sweden
97,Levitación,"Mario Baro,Jhoni The Voice",Salsa y Tropical,Sweden
98,Same Old Story,Stryper,Heavy Metal,Sweden
99,In My Room (Version Bachata),"DJ Ramon,Kasualty",Latin Urban,Sweden
100,Tentaciones,"Dj Limbo Latino,Dany Suavilho",Latin,Sweden
27,Next to you,Joya Marleen,Pop,Switzerland
29,you were there for me,Henry Moodie,Pop,Switzerland
31,Jedi Sekunde,Halunke,Pop,Switzerland
40,It'll Be Okay,Shawn Mendes,Pop,Switzerland
43,Man in the Long Black Coat,Mark Lanegan,Rock,Switzerland
45,Uptown Funk (feat. Bruno Mars),Mark Ronson,Pop,Switzerland
46,Dance Monkey,Tones And I,Alternative,Switzerland
47,You Are the Reason (Duet Version),"Calum Scott,Leona Lewis",Pop,Switzerland
48,The Spectre,Alan Walker,Dance,Switzerland
49,Maria Magdalena,Sandra,Pop,Switzerland
54,Remedy,Leony,Pop,Switzerland
62,Way Down We Go,KALEO,Alternative,Switzerland
67,Bella Ciao (HUGEL Remix),El Profesor,Dance,Switzerland
68,Ohne Dich (schlaf' ich heut' Nacht nicht ein),Münchener Freiheit,Pop,Switzerland
71,Lean On (feat. MØ),"Major Lazer,DJ Snake",Electronic,Switzerland
72,Are You Gonna Be My Girl,Jet,Hard Rock,Switzerland
73,Warum hast du nicht nein gesagt (Club Mix),"Roland Kaiser,Maite Kelly",German Pop,Switzerland
74,Nightmare,Joya Marleen,Pop,Switzerland
75,Puisque tu pars,Jean-Jacques Goldman,French Pop,Switzerland
78,What's Up?,4 Non Blondes,Rock,Switzerland
79,Smalltown Boy,Bronski Beat,Pop,Switzerland
81,Baby Shark,Pinkfong,Children's Music,Switzerland
82,Ich wollte nie erwachsen sein (Nessajas Lied),Peter Maffay,Rock,Switzerland
84,I Gotta Feeling,Black Eyed Peas,Pop,Switzerland
85,Main Titles (You've Been Called Back to Top Gun),"Lorne Balfe, Harold Faltermeyer, Lady Gaga,Hans Zimmer",Soundtrack,Switzerland
88,Glöggelä,Trauffer,Pop,Switzerland
89,One Life,James Bay,Alternative,Switzerland
92,Mood,Makar,Dance,Switzerland
94,MANIAC (feat. Windser),Macklemore,Pop,Switzerland
96,Happier Than Ever,Billie Eilish,Alternative,Switzerland
97,Hail Hail Rock 'n' Roll,Garland Jeffreys,Rock,Switzerland
98,you are my sunshine,Christina Perri,Children's Music,Switzerland
100,Oui oui oui,Aliose,French Pop,Switzerland
11,Don’t Let The Light Go Out,Panic! At the Disco,Alternative,United Kingdom (UK)
12,The Best Is Yet to Come,Tom Walker,"Singer,Songwriter",United Kingdom (UK)
13,What's Your Story?,Our Dementia Choir,Pop,United Kingdom (UK)
20,Do I Love You (Indeed I Do),Bruce Springsteen,Rock,United Kingdom (UK)
24,All These Nights,Tom Grennan,Alternative,United Kingdom (UK)
28,Living Without You,"Sigala, David Guetta,Sam Ryder",Dance,United Kingdom (UK)
30,My G,"Aitch,Ed Sheeran","Hip Hop,Rap",United Kingdom (UK)
41,Black Mascara.,RAYE,Pop,United Kingdom (UK)
42,Ready To Fly,"Sub Focus,Dimension",Electronic,United Kingdom (UK)
43,messy in heaven,"venbee,Goddard",Dance,United Kingdom (UK)
45,Die Of A Broken Heart,Olly Murs,Pop,United Kingdom (UK)
48,I'm In Love With You,The 1975,Alternative,United Kingdom (UK)
52,Waking Up Dreaming,Shania Twain,Country,United Kingdom (UK)
53,My Love Won't Let You Down,Little Mix,Pop,United Kingdom (UK)
54,Not Over Yet (feat. Tom Grennan),KSI,Dance,United Kingdom (UK)
56,Dancing In The Shadows (feat. Clementine Douglas),TSHA,Electronic,United Kingdom (UK)
57,Somebody,Sam Ryder,"Singer,Songwriter",United Kingdom (UK)
58,They,Jem,Pop,United Kingdom (UK)
59,Summer Is Over,KSI,Dance,United Kingdom (UK)
62,HISTORY,"Joel Corry,Becky Hill",Dance,United Kingdom (UK)
65,Let's Go (feat. Aitch),Tion Wayne,"Hip Hop,Rap",United Kingdom (UK)
69,She's Like the Wind (feat. Wendy Fraser),Patrick Swayze,Soundtrack,United Kingdom (UK)
70,Red Light Spells Danger,Billy Ocean,Pop,United Kingdom (UK)
71,Sharing The Night Together,Dr. Hook,Rock,United Kingdom (UK)
72,SPACE MAN,Sam Ryder,"Singer,Songwriter",United Kingdom (UK)
73,Dance All Over Me,George Ezra,"Singer,Songwriter",United Kingdom (UK)
75,Mad About the Boy,Adam Lambert,Pop,United Kingdom (UK)
76,Loser,Charlie Puth,Pop,United Kingdom (UK)
80,Escapism. (feat. 070 Shake),RAYE,Pop,United Kingdom (UK)
82,Seventeen Going Under,Sam Fender,"Singer,Songwriter",United Kingdom (UK)
85,The Sound of Silence,Disturbed,Hard Rock,United Kingdom (UK)
89,This Is Why,Paramore,Alternative,United Kingdom (UK)
92,Believer,Imagine Dragons,Alternative,United Kingdom (UK)
93,Getting Started,Sam Fender,"Singer,Songwriter",United Kingdom (UK)
95,KILL DEM,Jamie xx,Electronic,United Kingdom (UK)
96,When Someone Loves You,"Emeli Sandé,Nile Rodgers",Pop,United Kingdom (UK)
